Date,Segment,Country,Product,Units Sold,Manufacturing Price,Sale Price,Gross Sales,Discounts,Sales,COGS,Profit
2023-01-01,Wholesale,Japan,Product B,454,89.02,148.97,67632.38,6442.98,61189.4,40415.08,20774.32
2023-01-02,Wholesale,India,Product D,260,67.33,149.5,38870.0,5895.39,32974.61,17505.8,15468.81
2023-01-03,Retail,Germany,Product B,330,12.39,23.28,7682.4,1061.74,6620.66,4088.7,2531.96
2023-01-04,Wholesale,Japan,Product A,114,22.94,41.55,4736.7,374.8,4361.9,2615.16,1746.74
2023-01-05,Retail,USA,Product C,115,68.07,123.89,14247.35,1160.11,13087.24,7828.05,5259.19
2023-01-06,Retail,Japan,Product B,466,33.48,73.56,34278.96,1774.77,32504.19,15601.68,16902.51
2023-01-07,Wholesale,India,Product A,499,24.36,57.64,28762.36,3069.5,25692.86,12155.64,13537.22
2023-01-08,Retail,India,Product D,101,86.23,226.12,22838.12,2805.19,20032.93,8709.23,11323.7
2023-01-09,Retail,USA,Product B,227,31.69,61.47,13953.69,1875.86,12077.83,7193.63,4884.2
2023-01-10,Wholesale,Japan,Product D,136,27.92,80.04,10885.44,1330.09,9555.35,3797.12,5758.23
2023-01-11,Wholesale,Germany,Product B,373,95.5,232.33,86659.09,10553.78,76105.31,35621.5,40483.81
2023-01-12,Wholesale,Japan,Product D,402,40.67,83.75,33667.5,4975.48,28692.02,16349.34,12342.68
2023-01-13,Retail,Germany,Product B,168,20.48,40.75,6846.0,508.02,6337.98,3440.64,2897.34
2023-01-14,Retail,UK,Product A,499,13.54,27.75,13847.25,1875.21,11972.04,6756.46,5215.58
2023-01-15,Wholesale,Germany,Product C,119,71.22,121.47,14454.93,1492.47,12962.46,8475.18,4487.28
2023-01-16,Retail,Japan,Product D,341,16.5,30.43,10376.63,1786.42,8590.21,5626.5,2963.71
2023-01-17,Wholesale,Germany,Product D,373,52.8,132.11,49277.03,9119.4,40157.63,19694.4,20463.23
2023-01-18,Retail,Japan,Product D,490,90.97,247.28,121167.2,16764.38,104402.82,44575.3,59827.52
2023-01-19,Retail,Japan,Product D,129,15.74,40.86,5270.94,566.6,4704.34,2030.46,2673.88
2023-01-20,Wholesale,Germany,Product B,248,85.97,207.11,51363.28,5604.57,45758.71,21320.56,24438.15
2023-01-21,Retail,India,Product C,457,15.18,43.96,20089.72,3770.0,16319.72,6937.26,9382.46
2023-01-22,Wholesale,UK,Product A,311,50.72,110.0,34210.0,6651.38,27558.62,15773.92,11784.7
2023-01-23,Wholesale,USA,Product D,159,94.06,258.59,41115.81,3357.87,37757.94,14955.54,22802.4
2023-01-24,Retail,UK,Product C,55,37.55,100.12,5506.6,642.08,4864.52,2065.25,2799.27
2023-01-25,Retail,India,Product C,402,49.69,80.61,32405.22,5713.27,26691.95,19975.38,6716.57
2023-01-26,Wholesale,Japan,Product C,92,62.15,120.5,11086.0,713.16,10372.84,5717.8,4655.04
2023-01-27,Wholesale,India,Product B,282,77.62,162.18,45734.76,5902.75,39832.01,21888.84,17943.17
2023-01-28,Retail,India,Product D,184,55.86,123.52,22727.68,3063.53,19664.15,10278.24,9385.91
2023-01-29,Wholesale,UK,Product B,51,85.24,165.65,8448.15,874.21,7573.94,4347.24,3226.7
2023-01-30,Retail,Germany,Product A,346,93.5,235.13,81354.98,13004.94,68350.04,32351.0,35999.04
2023-01-31,Wholesale,USA,Product A,333,81.98,144.96,48271.68,3140.17,45131.51,27299.34,17832.17
2023-02-01,Wholesale,USA,Product D,303,63.45,115.51,34999.53,3415.87,31583.66,19225.35,12358.31
2023-02-02,Wholesale,Germany,Product C,149,50.6,89.05,13268.45,2131.25,11137.2,7539.4,3597.8
2023-02-03,Wholesale,UK,Product D,374,13.96,37.19,13909.06,2662.87,11246.19,5221.04,6025.15
2023-02-04,Wholesale,Germany,Product D,367,76.49,204.51,75055.17,4005.04,71050.13,28071.83,42978.3
2023-02-05,Wholesale,Germany,Product B,457,80.88,149.82,68467.74,9130.54,59337.2,36962.16,22375.04
2023-02-06,Wholesale,India,Product D,155,51.59,139.33,21596.15,2762.38,18833.77,7996.45,10837.32
2023-02-07,Wholesale,UK,Product B,339,74.51,133.75,45341.25,8216.34,37124.91,25258.89,11866.02
2023-02-08,Retail,UK,Product D,388,38.03,100.84,39125.92,3155.93,35969.99,14755.64,21214.35
2023-02-09,Wholesale,USA,Product B,451,20.57,38.75,17476.25,1623.77,15852.48,9277.07,6575.41
2023-02-10,Wholesale,India,Product A,301,28.19,64.78,19498.78,1909.17,17589.61,8485.19,9104.42
2023-02-11,Wholesale,UK,Product B,276,28.87,75.95,20962.2,2855.94,18106.26,7968.12,10138.14
2023-02-12,Retail,India,Product A,362,88.02,207.42,75086.04,5768.78,69317.26,31863.24,37454.02
2023-02-13,Wholesale,India,Product B,232,48.39,76.22,17683.04,2939.74,14743.3,11226.48,3516.82
2023-02-14,Retail,Japan,Product C,144,84.08,158.43,22813.92,3607.46,19206.46,12107.52,7098.94
2023-02-15,Wholesale,India,Product A,398,54.27,81.6,32476.8,5695.13,26781.67,21599.46,5182.21
2023-02-16,Wholesale,USA,Product D,305,20.81,44.52,13578.6,2662.15,10916.45,6347.05,4569.4
2023-02-17,Wholesale,Japan,Product D,231,41.89,98.78,22818.18,4062.36,18755.82,9676.59,9079.23
2023-02-18,Retail,USA,Product D,484,51.24,103.6,50142.4,5974.13,44168.27,24800.16,19368.11
2023-02-19,Wholesale,USA,Product C,462,80.86,164.98,76220.76,11544.95,64675.81,37357.32,27318.49
2023-02-20,Wholesale,Japan,Product B,336,27.31,81.06,27236.16,2836.79,24399.37,9176.16,15223.21
2023-02-21,Wholesale,Japan,Product A,305,99.08,258.29,78778.45,14085.44,64693.01,30219.4,34473.61
2023-02-22,Retail,UK,Product D,137,66.39,143.3,19632.1,1136.53,18495.57,9095.43,9400.14
2023-02-23,Wholesale,Japan,Product B,61,32.67,76.25,4651.25,795.88,3855.37,1992.87,1862.5
2023-02-24,Wholesale,Germany,Product C,148,85.48,219.24,32447.52,6166.3,26281.22,12651.04,13630.18
2023-02-25,Retail,UK,Product C,261,95.55,231.87,60518.07,10890.88,49627.19,24938.55,24688.64
2023-02-26,Wholesale,Japan,Product B,425,30.03,49.19,20905.75,1155.05,19750.7,12762.75,6987.95
2023-02-27,Wholesale,USA,Product C,116,41.59,63.9,7412.4,1227.92,6184.48,4824.44,1360.04
2023-02-28,Wholesale,India,Product A,363,31.34,65.82,23892.66,2374.71,21517.95,11376.42,10141.53
2023-03-01,Retail,USA,Product D,97,76.38,219.11,21253.67,2679.51,18574.16,7408.86,11165.3
2023-03-02,Wholesale,USA,Product B,203,64.08,110.73,22478.19,3763.77,18714.42,13008.24,5706.18
2023-03-03,Wholesale,USA,Product C,494,12.9,35.58,17576.52,2596.0,14980.52,6372.6,8607.92
2023-03-04,Wholesale,Japan,Product C,374,78.68,203.29,76030.46,10911.02,65119.44,29426.32,35693.12
2023-03-05,Retail,USA,Product B,220,86.86,244.16,53715.2,5633.56,48081.64,19109.2,28972.44
2023-03-06,Wholesale,Germany,Product B,421,32.5,71.32,30025.72,3471.21,26554.51,13682.5,12872.01
2023-03-07,Retail,Japan,Product B,105,27.97,66.5,6982.5,1361.63,5620.87,2936.85,2684.02
2023-03-08,Wholesale,USA,Product A,229,65.3,133.42,30553.18,3498.04,27055.14,14953.7,12101.44
2023-03-09,Retail,Germany,Product C,239,36.27,97.59,23324.01,4593.95,18730.06,8668.53,10061.53
2023-03-10,Wholesale,India,Product B,155,45.45,82.83,12838.65,2089.27,10749.38,7044.75,3704.63
2023-03-11,Retail,India,Product B,232,98.84,228.5,53012.0,6912.8,46099.2,22930.88,23168.32
2023-03-12,Retail,Japan,Product B,465,62.94,125.63,58417.95,4161.22,54256.73,29267.1,24989.63
2023-03-13,Wholesale,USA,Product D,366,48.96,85.7,31366.2,3722.47,27643.73,17919.36,9724.37
2023-03-14,Retail,USA,Product B,493,15.75,39.67,19557.31,2049.87,17507.44,7764.75,9742.69
2023-03-15,Wholesale,Germany,Product B,229,46.21,74.83,17136.07,1163.95,15972.12,10582.09,5390.03
2023-03-16,Wholesale,India,Product C,214,31.85,54.47,11656.58,1263.12,10393.46,6815.9,3577.56
2023-03-17,Wholesale,Japan,Product B,189,75.12,128.88,24358.32,2089.96,22268.36,14197.68,8070.68
2023-03-18,Retail,Japan,Product D,238,54.3,93.28,22200.64,3309.01,18891.63,12923.4,5968.23
2023-03-19,Wholesale,Japan,Product D,225,66.93,179.68,40428.0,6165.34,34262.66,15059.25,19203.41
2023-03-20,Wholesale,UK,Product A,290,48.65,105.36,30554.4,5493.92,25060.48,14108.5,10951.98
2023-03-21,Wholesale,Japan,Product D,345,89.06,201.46,69503.7,10699.24,58804.46,30725.7,28078.76
2023-03-22,Wholesale,USA,Product A,144,99.78,287.41,41387.04,6481.75,34905.29,14368.32,20536.97
2023-03-23,Wholesale,UK,Product D,289,92.05,275.02,79480.78,13867.58,65613.2,26602.45,39010.75
2023-03-24,Retail,Germany,Product A,50,57.79,132.91,6645.5,1177.56,5467.94,2889.5,2578.44
2023-03-25,Wholesale,India,Product C,120,59.55,98.67,11840.4,1216.61,10623.79,7146.0,3477.79
2023-03-26,Wholesale,Germany,Product B,214,63.33,166.02,35528.28,4184.51,31343.77,13552.62,17791.15
2023-03-27,Wholesale,UK,Product A,108,77.88,150.42,16245.36,2168.16,14077.2,8411.04,5666.16
2023-03-28,Wholesale,USA,Product B,204,51.32,126.41,25787.64,2101.97,23685.67,10469.28,13216.39
2023-03-29,Wholesale,Japan,Product B,429,39.3,83.16,35675.64,4665.51,31010.13,16859.7,14150.43
2023-03-30,Retail,USA,Product B,50,24.72,42.04,2102.0,152.36,1949.64,1236.0,713.64
2023-03-31,Wholesale,Japan,Product B,442,13.06,28.74,12703.08,1028.45,11674.63,5772.52,5902.11
2023-04-01,Wholesale,USA,Product B,445,91.97,195.66,87068.7,10000.41,77068.29,40926.65,36141.64
2023-04-02,Wholesale,Germany,Product A,469,96.75,284.7,133524.3,23466.4,110057.9,45375.75,64682.15
2023-04-03,Wholesale,Germany,Product D,413,22.39,34.33,14178.29,1553.38,12624.91,9247.07,3377.84
2023-04-04,Retail,Japan,Product D,458,53.7,134.76,61720.08,3164.68,58555.4,24594.6,33960.8
2023-04-05,Wholesale,Japan,Product D,262,22.78,45.62,11952.44,1951.7,10000.74,5968.36,4032.38
2023-04-06,Retail,USA,Product A,151,48.73,128.98,19475.98,2049.14,17426.84,7358.23,10068.61
2023-04-07,Wholesale,Germany,Product C,301,91.95,176.75,53201.75,8265.35,44936.4,27676.95,17259.45
2023-04-08,Wholesale,UK,Product A,414,90.15,214.14,88653.96,9624.59,79029.37,37322.1,41707.27
2023-04-09,Retail,India,Product C,342,42.17,80.44,27510.48,5012.24,22498.24,14422.14,8076.1
2023-04-10,Wholesale,UK,Product C,290,89.6,206.2,59798.0,3712.75,56085.25,25984.0,30101.25
2023-04-11,Retail,USA,Product C,419,50.64,113.7,47640.3,6409.15,41231.15,21218.16,20012.99
2023-04-12,Retail,UK,Product D,350,31.31,53.57,18749.5,2161.62,16587.88,10958.5,5629.38
2023-04-13,Retail,Japan,Product D,380,10.75,20.52,7797.6,484.71,7312.89,4085.0,3227.89
2023-04-14,Wholesale,Germany,Product C,124,52.93,106.9,13255.6,2366.85,10888.75,6563.32,4325.43
2023-04-15,Wholesale,USA,Product C,77,78.44,230.48,17746.96,3387.25,14359.71,6039.88,8319.83
2023-04-16,Retail,USA,Product A,170,83.15,169.74,28855.8,4867.81,23987.99,14135.5,9852.49
2023-04-17,Wholesale,USA,Product D,490,55.2,153.57,75249.3,13857.81,61391.49,27048.0,34343.49
2023-04-18,Retail,Japan,Product B,431,35.22,59.9,25816.9,5038.71,20778.19,15179.82,5598.37
2023-04-19,Retail,USA,Product A,327,21.35,37.61,12298.47,2434.08,9864.39,6981.45,2882.94
2023-04-20,Wholesale,UK,Product B,56,54.42,140.43,7864.08,940.47,6923.61,3047.52,3876.09
2023-04-21,Retail,Germany,Product C,228,71.87,155.66,35490.48,6668.87,28821.61,16386.36,12435.25
2023-04-22,Wholesale,India,Product D,127,68.5,146.91,18657.57,2394.35,16263.22,8699.5,7563.72
2023-04-23,Retail,UK,Product D,364,36.55,68.49,24930.36,1515.88,23414.48,13304.2,10110.28
2023-04-24,Retail,India,Product A,417,23.03,57.23,23864.91,1594.0,22270.91,9603.51,12667.4
2023-04-25,Wholesale,USA,Product B,407,32.61,79.37,32303.59,2119.14,30184.45,13272.27,16912.18
2023-04-26,Retail,Germany,Product D,489,16.1,41.26,20176.14,3574.99,16601.15,7872.9,8728.25
2023-04-27,Retail,UK,Product A,454,45.2,70.96,32215.84,4787.29,27428.55,20520.8,6907.75
2023-04-28,Retail,UK,Product C,184,88.97,150.45,27682.8,4773.57,22909.23,16370.48,6538.75
2023-04-29,Retail,India,Product C,172,61.83,161.35,27752.2,3824.22,23927.98,10634.76,13293.22
2023-04-30,Retail,UK,Product C,255,52.54,132.86,33879.3,5747.98,28131.32,13397.7,14733.62
2023-05-01,Retail,UK,Product C,387,67.95,184.5,71401.5,4870.41,66531.09,26296.65,40234.44
2023-05-02,Retail,Germany,Product A,408,36.43,73.75,30090.0,5628.58,24461.42,14863.44,9597.98
2023-05-03,Retail,Germany,Product D,147,43.02,66.78,9816.66,1406.46,8410.2,6323.94,2086.26
2023-05-04,Retail,Germany,Product A,490,75.56,193.13,94633.7,6725.57,87908.13,37024.4,50883.73
2023-05-05,Retail,USA,Product C,298,19.71,40.3,12009.4,993.65,11015.75,5873.58,5142.17
2023-05-06,Wholesale,Germany,Product A,403,47.32,80.64,32497.92,4470.0,28027.92,19069.96,8957.96
2023-05-07,Retail,Germany,Product A,332,94.06,141.86,47097.52,6401.38,40696.14,31227.92,9468.22
2023-05-08,Retail,USA,Product A,468,65.58,171.28,80159.04,6481.56,73677.48,30691.44,42986.04
2023-05-09,Wholesale,India,Product A,91,27.49,55.98,5094.18,942.01,4152.17,2501.59,1650.58
2023-05-10,Wholesale,Germany,Product A,459,58.99,134.47,61721.73,10073.41,51648.32,27076.41,24571.91
2023-05-11,Wholesale,USA,Product C,494,85.01,242.19,119641.86,12985.57,106656.29,41994.94,64661.35
2023-05-12,Wholesale,Japan,Product D,186,11.73,32.64,6071.04,879.58,5191.46,2181.78,3009.68
2023-05-13,Wholesale,India,Product B,254,72.93,160.43,40749.22,6053.98,34695.24,18524.22,16171.02
2023-05-14,Wholesale,Japan,Product B,448,16.39,44.29,19841.92,2794.86,17047.06,7342.72,9704.34
2023-05-15,Wholesale,Japan,Product D,63,88.5,180.37,11363.31,1974.71,9388.6,5575.5,3813.1
2023-05-16,Wholesale,Germany,Product D,103,24.39,49.94,5143.82,415.51,4728.31,2512.17,2216.14
2023-05-17,Retail,Japan,Product C,98,20.29,59.39,5820.22,1149.47,4670.75,1988.42,2682.33
2023-05-18,Retail,Japan,Product B,106,49.77,74.77,7925.62,1396.84,6528.78,5275.62,1253.16
2023-05-19,Wholesale,Germany,Product D,493,19.32,48.02,23673.86,4551.24,19122.62,9524.76,9597.86
2023-05-20,Wholesale,India,Product C,53,96.95,259.26,13740.78,2186.3,11554.48,5138.35,6416.13
2023-05-21,Retail,Germany,Product B,267,32.51,64.2,17141.4,2354.06,14787.34,8680.17,6107.17
2023-05-22,Wholesale,Japan,Product B,208,18.68,43.08,8960.64,888.08,8072.56,3885.44,4187.12
2023-05-23,Retail,India,Product A,298,91.93,240.82,71764.36,7987.79,63776.57,27395.14,36381.43
2023-05-24,Wholesale,USA,Product D,256,12.41,31.04,7946.24,1520.42,6425.82,3176.96,3248.86
2023-05-25,Wholesale,Japan,Product B,82,81.21,180.45,14796.9,1042.11,13754.79,6659.22,7095.57
2023-05-26,Wholesale,UK,Product B,216,24.4,70.44,15215.04,2156.65,13058.39,5270.4,7787.99
2023-05-27,Wholesale,Japan,Product B,489,49.11,105.34,51511.26,5836.42,45674.84,24014.79,21660.05
2023-05-28,Wholesale,India,Product D,461,62.5,137.11,63207.71,10668.23,52539.48,28812.5,23726.98
2023-05-29,Retail,Germany,Product C,257,83.06,220.39,56640.23,8312.76,48327.47,21346.42,26981.05
2023-05-30,Retail,USA,Product A,120,47.09,119.89,14386.8,1822.75,12564.05,5650.8,6913.25
2023-05-31,Retail,UK,Product B,310,55.37,163.77,50768.7,4624.38,46144.32,17164.7,28979.62
2023-06-01,Wholesale,India,Product C,335,28.3,44.92,15048.2,1235.5,13812.7,9480.5,4332.2
2023-06-02,Retail,Germany,Product A,236,38.64,88.03,20775.08,1692.78,19082.3,9119.04,9963.26
2023-06-03,Retail,UK,Product D,421,76.2,214.5,90304.5,11542.34,78762.16,32080.2,46681.96
2023-06-04,Wholesale,India,Product A,125,62.2,146.42,18302.5,2906.65,15395.85,7775.0,7620.85
2023-06-05,Retail,Germany,Product B,483,31.06,83.35,40258.05,2957.84,37300.21,15001.98,22298.23
2023-06-06,Retail,India,Product B,332,11.99,23.29,7732.28,1284.96,6447.32,3980.68,2466.64
2023-06-07,Wholesale,Germany,Product D,478,70.54,171.78,82110.84,5460.74,76650.1,33718.12,42931.98
2023-06-08,Retail,Germany,Product A,189,74.1,131.13,24783.57,3751.32,21032.25,14004.9,7027.35
2023-06-09,Retail,USA,Product D,75,79.45,229.14,17185.5,2950.9,14234.6,5958.75,8275.85
2023-06-10,Retail,Germany,Product B,446,32.54,77.54,34582.84,4181.73,30401.11,14512.84,15888.27
2023-06-11,Wholesale,Japan,Product A,95,44.73,120.54,11451.3,695.9,10755.4,4249.35,6506.05
2023-06-12,Retail,USA,Product A,297,92.86,205.06,60902.82,3058.84,57843.98,27579.42,30264.56
2023-06-13,Wholesale,Germany,Product B,208,88.53,207.2,43097.6,5180.43,37917.17,18414.24,19502.93
2023-06-14,Wholesale,India,Product A,75,95.21,148.05,11103.75,1054.15,10049.6,7140.75,2908.85
2023-06-15,Retail,India,Product C,112,95.63,264.84,29662.08,4041.09,25620.99,10710.56,14910.43
2023-06-16,Wholesale,India,Product A,371,50.88,130.9,48563.9,6219.64,42344.26,18876.48,23467.78
2023-06-17,Wholesale,Germany,Product C,491,64.71,152.19,74725.29,13885.44,60839.85,31772.61,29067.24
2023-06-18,Wholesale,India,Product A,104,41.39,72.58,7548.32,612.22,6936.1,4304.56,2631.54
2023-06-19,Wholesale,India,Product B,308,94.47,212.58,65474.64,7523.9,57950.74,29096.76,28853.98
2023-06-20,Wholesale,UK,Product A,406,95.31,253.61,102965.66,14093.16,88872.5,38695.86,50176.64
2023-06-21,Retail,Germany,Product A,305,22.13,60.98,18598.9,3687.32,14911.58,6749.65,8161.93
2023-06-22,Wholesale,Japan,Product D,161,64.86,144.12,23203.32,2706.01,20497.31,10442.46,10054.85
2023-06-23,Wholesale,Japan,Product D,462,88.4,147.79,68278.98,11944.43,56334.55,40840.8,15493.75
2023-06-24,Wholesale,Japan,Product A,255,58.9,175.66,44793.3,5729.05,39064.25,15019.5,24044.75
2023-06-25,Wholesale,UK,Product B,61,22.95,53.93,3289.73,273.65,3016.08,1399.95,1616.13
2023-06-26,Wholesale,India,Product A,131,58.47,123.04,16118.24,863.84,15254.4,7659.57,7594.83
2023-06-27,Retail,USA,Product A,181,91.19,250.07,45262.67,4943.68,40318.99,16505.39,23813.6
2023-06-28,Retail,USA,Product B,70,45.78,100.59,7041.3,606.82,6434.48,3204.6,3229.88
2023-06-29,Retail,USA,Product D,414,72.27,125.66,52023.24,6258.41,45764.83,29919.78,15845.05
2023-06-30,Wholesale,Japan,Product A,398,74.83,148.91,59266.18,7152.37,52113.81,29782.34,22331.47
2023-07-01,Retail,Japan,Product B,435,55.36,119.55,52004.25,10313.72,41690.53,24081.6,17608.93
2023-07-02,Retail,Japan,Product D,188,73.22,131.72,24763.36,2303.05,22460.31,13765.36,8694.95
2023-07-03,Wholesale,Germany,Product D,378,21.06,55.99,21164.22,3551.61,17612.61,7960.68,9651.93
2023-07-04,Retail,India,Product D,64,89.59,186.09,11909.76,1202.99,10706.77,5733.76,4973.01
2023-07-05,Wholesale,USA,Product B,52,97.65,161.25,8385.0,678.11,7706.89,5077.8,2629.09
2023-07-06,Wholesale,UK,Product A,294,51.16,77.37,22746.78,1634.3,21112.48,15041.04,6071.44
2023-07-07,Retail,USA,Product A,318,47.08,71.36,22692.48,2838.02,19854.46,14971.44,4883.02
2023-07-08,Wholesale,India,Product A,276,48.13,100.76,27809.76,4747.08,23062.68,13283.88,9778.8
2023-07-09,Retail,Germany,Product C,445,31.05,86.84,38643.8,5442.49,33201.31,13817.25,19384.06
2023-07-10,Retail,Germany,Product A,193,11.08,17.56,3389.08,479.94,2909.14,2138.44,770.7
2023-07-11,Wholesale,Germany,Product C,149,27.95,44.31,6602.19,853.83,5748.36,4164.55,1583.81
2023-07-12,Wholesale,Germany,Product D,162,79.17,150.71,24415.02,1543.91,22871.11,12825.54,10045.57
2023-07-13,Retail,Germany,Product D,330,92.5,193.4,63822.0,6947.83,56874.17,30525.0,26349.17
2023-07-14,Wholesale,Japan,Product D,57,63.51,105.96,6039.72,541.66,5498.06,3620.07,1877.99
2023-07-15,Wholesale,USA,Product B,397,24.33,42.14,16729.58,1994.81,14734.77,9659.01,5075.76
2023-07-16,Retail,USA,Product D,75,34.47,81.52,6114.0,862.31,5251.69,2585.25,2666.44
2023-07-17,Retail,India,Product D,393,94.1,215.89,84844.77,15266.28,69578.49,36981.3,32597.19
2023-07-18,Retail,Japan,Product C,435,67.05,155.31,67559.85,12525.94,55033.91,29166.75,25867.16
2023-07-19,Wholesale,Japan,Product A,494,14.36,34.09,16840.46,1230.43,15610.03,7093.84,8516.19
2023-07-20,Wholesale,Germany,Product B,60,46.8,72.9,4374.0,501.44,3872.56,2808.0,1064.56
2023-07-21,Retail,USA,Product B,65,29.08,49.61,3224.65,575.15,2649.5,1890.2,759.3
2023-07-22,Wholesale,India,Product D,272,28.84,68.5,18632.0,1208.15,17423.85,7844.48,9579.37
2023-07-23,Retail,Japan,Product B,465,45.43,92.33,42933.45,6548.24,36385.21,21124.95,15260.26
2023-07-24,Retail,Japan,Product D,364,13.53,27.29,9933.56,667.18,9266.38,4924.92,4341.46
2023-07-25,Retail,Germany,Product C,157,55.77,142.16,22319.12,2543.18,19775.94,8755.89,11020.05
2023-07-26,Wholesale,Japan,Product A,123,45.1,105.56,12983.88,692.74,12291.14,5547.3,6743.84
2023-07-27,Retail,UK,Product C,429,13.35,39.24,16833.96,1212.58,15621.38,5727.15,9894.23
2023-07-28,Retail,Germany,Product A,463,43.32,78.5,36345.5,4854.58,31490.92,20057.16,11433.76
2023-07-29,Wholesale,Japan,Product A,490,78.8,168.92,82770.8,11871.23,70899.57,38612.0,32287.57
2023-07-30,Wholesale,India,Product A,212,50.7,144.46,30625.52,5144.96,25480.56,10748.4,14732.16
2023-07-31,Retail,Germany,Product B,128,85.32,162.34,20779.52,2388.99,18390.53,10920.96,7469.57
2023-08-01,Retail,Japan,Product B,440,52.53,151.24,66545.6,5873.49,60672.11,23113.2,37558.91
2023-08-02,Wholesale,India,Product D,68,46.13,105.89,7200.52,570.48,6630.04,3136.84,3493.2
2023-08-03,Wholesale,UK,Product A,61,96.57,255.59,15590.99,2651.83,12939.16,5890.77,7048.39
2023-08-04,Retail,UK,Product C,57,83.59,180.07,10263.99,1855.96,8408.03,4764.63,3643.4
2023-08-05,Wholesale,India,Product A,464,10.38,30.72,14254.08,1821.8,12432.28,4816.32,7615.96
2023-08-06,Wholesale,Japan,Product B,397,47.12,139.2,55262.4,4082.78,51179.62,18706.64,32472.98
2023-08-07,Retail,India,Product C,378,20.84,48.66,18393.48,1150.79,17242.69,7877.52,9365.17
2023-08-08,Retail,Germany,Product B,332,69.06,139.49,46310.68,6934.82,39375.86,22927.92,16447.94
2023-08-09,Wholesale,USA,Product D,51,44.44,124.09,6328.59,973.65,5354.94,2266.44,3088.5
2023-08-10,Retail,India,Product D,475,72.7,146.76,69711.0,8484.64,61226.36,34532.5,26693.86
2023-08-11,Retail,Germany,Product D,280,67.82,162.15,45402.0,7680.99,37721.01,18989.6,18731.41
2023-08-12,Wholesale,UK,Product D,112,78.01,130.82,14651.84,809.26,13842.58,8737.12,5105.46
2023-08-13,Wholesale,Germany,Product A,319,24.21,45.8,14610.2,2142.86,12467.34,7722.99,4744.35
2023-08-14,Wholesale,UK,Product D,103,76.02,135.24,13929.72,1647.29,12282.43,7830.06,4452.37
2023-08-15,Retail,UK,Product A,147,81.99,160.84,23643.48,1762.44,21881.04,12052.53,9828.51
2023-08-16,Retail,Japan,Product B,282,90.15,224.01,63170.82,7475.42,55695.4,25422.3,30273.1
2023-08-17,Wholesale,Germany,Product C,297,33.71,96.33,28610.01,2550.96,26059.05,10011.87,16047.18
2023-08-18,Retail,UK,Product A,194,29.53,46.27,8976.38,992.84,7983.54,5728.82,2254.72
2023-08-19,Retail,UK,Product A,385,41.94,97.99,37726.15,2336.18,35389.97,16146.9,19243.07
2023-08-20,Retail,India,Product A,205,15.49,30.85,6324.25,1039.97,5284.28,3175.45,2108.83
2023-08-21,Retail,USA,Product B,420,26.64,68.05,28581.0,3812.5,24768.5,11188.8,13579.7
2023-08-22,Wholesale,Japan,Product A,95,60.53,106.03,10072.85,1216.11,8856.74,5750.35,3106.39
2023-08-23,Retail,India,Product D,500,34.31,56.14,28070.0,5502.89,22567.11,17155.0,5412.11
2023-08-24,Retail,USA,Product B,412,14.61,34.92,14387.04,2527.45,11859.59,6019.32,5840.27
2023-08-25,Wholesale,UK,Product D,340,46.88,122.7,41718.0,7843.55,33874.45,15939.2,17935.25
2023-08-26,Wholesale,UK,Product C,287,55.08,129.59,37192.33,2440.55,34751.78,15807.96,18943.82
2023-08-27,Wholesale,Germany,Product A,196,86.52,151.02,29599.92,2035.51,27564.41,16957.92,10606.49
2023-08-28,Wholesale,Japan,Product A,166,45.82,127.45,21156.7,2552.42,18604.28,7606.12,10998.16
2023-08-29,Wholesale,UK,Product A,272,18.9,31.7,8622.4,597.25,8025.15,5140.8,2884.35
2023-08-30,Wholesale,USA,Product C,287,76.62,145.89,41870.43,5281.48,36588.95,21989.94,14599.01
2023-08-31,Wholesale,Japan,Product B,308,72.27,199.53,61455.24,12283.76,49171.48,22259.16,26912.32
2023-09-01,Retail,Germany,Product A,424,51.08,151.16,64091.84,7048.7,57043.14,21657.92,35385.22
2023-09-02,Wholesale,Japan,Product B,287,90.72,231.93,66563.91,11045.5,55518.41,26036.64,29481.77
2023-09-03,Wholesale,Germany,Product B,173,42.54,124.91,21609.43,1198.27,20411.16,7359.42,13051.74
2023-09-04,Retail,India,Product D,129,65.14,138.16,17822.64,2441.35,15381.29,8403.06,6978.23
2023-09-05,Retail,Japan,Product C,73,59.55,149.35,10902.55,571.12,10331.43,4347.15,5984.28
2023-09-06,Wholesale,USA,Product A,460,29.77,85.36,39265.6,7423.12,31842.48,13694.2,18148.28
2023-09-07,Wholesale,USA,Product C,315,65.92,156.78,49385.7,4069.74,45315.96,20764.8,24551.16
2023-09-08,Wholesale,USA,Product C,78,91.23,235.97,18405.66,1975.98,16429.68,7115.94,9313.74
2023-09-09,Wholesale,India,Product C,329,79.07,176.44,58048.76,9945.92,48102.84,26014.03,22088.81
2023-09-10,Wholesale,Germany,Product C,95,82.62,232.42,22079.9,2231.09,19848.81,7848.9,11999.91
2023-09-11,Wholesale,Japan,Product C,369,50.2,143.92,53106.48,2996.39,50110.09,18523.8,31586.29
2023-09-12,Wholesale,UK,Product B,138,71.13,183.1,25267.8,3624.75,21643.05,9815.94,11827.11
2023-09-13,Wholesale,Japan,Product C,101,59.54,162.79,16441.79,2227.14,14214.65,6013.54,8201.11
2023-09-14,Wholesale,Japan,Product D,462,84.78,245.29,113323.98,22648.62,90675.36,39168.36,51507.0
2023-09-15,Wholesale,Japan,Product B,77,84.67,194.0,14938.0,779.76,14158.24,6519.59,7638.65
2023-09-16,Retail,Japan,Product D,445,53.76,111.77,49737.65,7244.29,42493.36,23923.2,18570.16
2023-09-17,Wholesale,Japan,Product C,176,64.1,180.6,31785.6,4648.1,27137.5,11281.6,15855.9
2023-09-18,Wholesale,USA,Product B,359,85.68,228.96,82196.64,12220.06,69976.58,30759.12,39217.46
2023-09-19,Wholesale,India,Product C,399,71.6,180.62,72067.38,8976.96,63090.42,28568.4,34522.02
2023-09-20,Wholesale,Germany,Product A,258,15.93,30.98,7992.84,967.18,7025.66,4109.94,2915.72
2023-09-21,Wholesale,India,Product D,155,13.76,39.61,6139.55,1111.47,5028.08,2132.8,2895.28
2023-09-22,Wholesale,Japan,Product D,297,56.61,154.49,45883.53,5007.01,40876.52,16813.17,24063.35
2023-09-23,Retail,India,Product B,317,69.2,191.02,60553.34,7461.79,53091.55,21936.4,31155.15
2023-09-24,Retail,USA,Product B,287,90.43,182.12,52268.44,6342.15,45926.29,25953.41,19972.88
2023-09-25,Wholesale,India,Product B,58,97.73,255.46,14816.68,1055.59,13761.09,5668.34,8092.75
2023-09-26,Retail,Japan,Product A,124,69.54,182.18,22590.32,1441.69,21148.63,8622.96,12525.67
2023-09-27,Retail,USA,Product A,141,67.35,162.28,22881.48,3646.25,19235.23,9496.35,9738.88
2023-09-28,Retail,UK,Product C,70,75.29,160.31,11221.7,1922.58,9299.12,5270.3,4028.82
2023-09-29,Wholesale,Germany,Product B,86,41.9,102.6,8823.6,963.76,7859.84,3603.4,4256.44
2023-09-30,Wholesale,UK,Product A,435,41.91,75.21,32716.35,6277.32,26439.03,18230.85,8208.18
2023-10-01,Wholesale,Japan,Product B,76,26.83,67.29,5114.04,314.96,4799.08,2039.08,2760.0
2023-10-02,Retail,Japan,Product B,70,16.91,50.24,3516.8,308.85,3207.95,1183.7,2024.25
2023-10-03,Retail,UK,Product B,57,32.86,75.84,4322.88,368.48,3954.4,1873.02,2081.38
2023-10-04,Retail,Japan,Product C,490,93.5,243.16,119148.4,19242.29,99906.11,45815.0,54091.11
2023-10-05,Retail,Japan,Product A,382,32.49,94.8,36213.6,6947.12,29266.48,12411.18,16855.3
2023-10-06,Retail,Germany,Product D,381,68.45,169.27,64491.87,12373.92,52117.95,26079.45,26038.5
2023-10-07,Retail,Germany,Product D,359,56.85,114.46,41091.14,4253.23,36837.91,20409.15,16428.76
2023-10-08,Retail,USA,Product B,475,45.98,80.27,38128.25,5131.0,32997.25,21840.5,11156.75
2023-10-09,Retail,India,Product D,81,22.75,67.94,5503.14,890.29,4612.85,1842.75,2770.1
2023-10-10,Retail,USA,Product C,393,74.31,117.06,46004.58,5459.29,40545.29,29203.83,11341.46
2023-10-11,Wholesale,Japan,Product B,217,12.33,22.6,4904.2,706.67,4197.53,2675.61,1521.92
2023-10-12,Wholesale,Germany,Product C,475,40.36,104.33,49556.75,8626.19,40930.56,19171.0,21759.56
2023-10-13,Wholesale,USA,Product D,111,81.92,164.81,18293.91,2583.93,15709.98,9093.12,6616.86
2023-10-14,Wholesale,India,Product C,164,26.96,44.9,7363.6,548.08,6815.52,4421.44,2394.08
2023-10-15,Retail,Japan,Product C,358,21.83,64.48,23083.84,3591.82,19492.02,7815.14,11676.88
2023-10-16,Retail,India,Product A,144,64.99,163.07,23482.08,4253.46,19228.62,9358.56,9870.06
2023-10-17,Retail,Japan,Product C,185,67.76,178.07,32942.95,3451.22,29491.73,12535.6,16956.13
2023-10-18,Retail,India,Product C,126,69.59,133.9,16871.4,2991.58,13879.82,8768.34,5111.48
2023-10-19,Retail,USA,Product D,414,95.4,246.73,102146.22,15895.79,86250.43,39495.6,46754.83
2023-10-20,Wholesale,Germany,Product B,70,10.53,24.76,1733.2,87.52,1645.68,737.1,908.58
2023-10-21,Retail,Japan,Product C,441,23.9,40.81,17997.21,1882.0,16115.21,10539.9,5575.31
2023-10-22,Retail,Japan,Product A,246,31.7,80.51,19805.46,3634.16,16171.3,7798.2,8373.1
2023-10-23,Retail,Japan,Product A,393,36.64,82.09,32261.37,4135.87,28125.5,14399.52,13725.98
2023-10-24,Retail,UK,Product B,223,64.85,191.06,42606.38,5939.96,36666.42,14461.55,22204.87
2023-10-25,Retail,UK,Product B,455,22.2,46.39,21107.45,4107.81,16999.64,10101.0,6898.64
2023-10-26,Wholesale,Germany,Product D,492,22.87,65.53,32240.76,3295.75,28945.01,11252.04,17692.97
2023-10-27,Retail,UK,Product C,56,79.1,166.55,9326.8,1222.85,8103.95,4429.6,3674.35
2023-10-28,Wholesale,UK,Product C,433,23.61,51.45,22277.85,1473.62,20804.23,10223.13,10581.1
2023-10-29,Wholesale,India,Product B,336,38.05,102.03,34282.08,5529.56,28752.52,12784.8,15967.72
2023-10-30,Wholesale,Germany,Product D,481,27.49,50.53,24304.93,4714.63,19590.3,13222.69,6367.61
2023-10-31,Retail,USA,Product C,80,64.08,137.6,11008.0,2023.2,8984.8,5126.4,3858.4
2023-11-01,Retail,USA,Product B,370,88.1,185.48,68627.6,9199.35,59428.25,32597.0,26831.25
2023-11-02,Wholesale,USA,Product B,374,54.8,130.14,48672.36,5544.85,43127.51,20495.2,22632.31
2023-11-03,Wholesale,Japan,Product D,156,24.51,63.48,9902.88,724.06,9178.82,3823.56,5355.26
2023-11-04,Retail,India,Product D,478,44.09,117.36,56098.08,10095.28,46002.8,21075.02,24927.78
2023-11-05,Retail,UK,Product A,216,54.52,101.96,22023.36,3197.38,18825.98,11776.32,7049.66
2023-11-06,Wholesale,Germany,Product A,242,13.77,32.94,7971.48,655.08,7316.4,3332.34,3984.06
2023-11-07,Wholesale,USA,Product A,465,19.46,35.19,16363.35,3135.55,13227.8,9048.9,4178.9
2023-11-08,Retail,India,Product C,89,11.79,19.99,1779.11,301.46,1477.65,1049.31,428.34
2023-11-09,Retail,Germany,Product B,107,31.72,69.99,7488.93,727.95,6760.98,3394.04,3366.94
2023-11-10,Wholesale,India,Product A,127,33.79,90.09,11441.43,977.85,10463.58,4291.33,6172.25
2023-11-11,Wholesale,Germany,Product C,392,62.17,99.08,38839.36,2809.06,36030.3,24370.64,11659.66
2023-11-12,Wholesale,UK,Product C,180,68.32,112.62,20271.6,2648.83,17622.77,12297.6,5325.17
2023-11-13,Retail,USA,Product C,168,32.62,65.75,11046.0,633.17,10412.83,5480.16,4932.67
2023-11-14,Wholesale,UK,Product A,397,70.89,153.02,60748.94,10197.04,50551.9,28143.33,22408.57
2023-11-15,Wholesale,Japan,Product D,373,39.17,95.83,35744.59,3018.34,32726.25,14610.41,18115.84
2023-11-16,Retail,Japan,Product B,372,25.23,66.69,24808.68,3911.87,20896.81,9385.56,11511.25
2023-11-17,Retail,Japan,Product D,260,13.02,25.38,6598.8,1063.52,5535.28,3385.2,2150.08
2023-11-18,Wholesale,India,Product A,454,87.28,143.8,65285.2,8139.58,57145.62,39625.12,17520.5
2023-11-19,Wholesale,Japan,Product D,68,89.66,184.04,12514.72,1533.48,10981.24,6096.88,4884.36
2023-11-20,Retail,India,Product B,87,42.27,120.61,10493.07,689.64,9803.43,3677.49,6125.94
2023-11-21,Wholesale,Japan,Product B,402,53.25,94.74,38085.48,2644.62,35440.86,21406.5,14034.36
2023-11-22,Retail,USA,Product D,51,54.65,133.95,6831.45,958.62,5872.83,2787.15,3085.68
2023-11-23,Retail,USA,Product D,427,45.29,69.47,29663.69,5879.65,23784.04,19338.83,4445.21
2023-11-24,Wholesale,Germany,Product A,383,78.63,217.1,83149.3,14897.92,68251.38,30115.29,38136.09
2023-11-25,Wholesale,UK,Product A,390,96.52,272.98,106462.2,10282.44,96179.76,37642.8,58536.96
2023-11-26,Retail,UK,Product C,140,19.71,40.82,5714.8,899.67,4815.13,2759.4,2055.73
2023-11-27,Retail,Japan,Product B,335,38.21,65.59,21972.65,1465.83,20506.82,12800.35,7706.47
2023-11-28,Retail,UK,Product A,211,53.71,116.28,24535.08,2127.67,22407.41,11332.81,11074.6
2023-11-29,Retail,Germany,Product A,186,56.27,107.36,19968.96,1467.17,18501.79,10466.22,8035.57
2023-11-30,Retail,Japan,Product A,52,47.72,106.93,5560.36,300.93,5259.43,2481.44,2777.99
2023-12-01,Retail,USA,Product B,80,93.28,224.51,17960.8,1547.35,16413.45,7462.4,8951.05
2023-12-02,Wholesale,Germany,Product D,178,65.42,99.37,17687.86,901.28,16786.58,11644.76,5141.82
2023-12-03,Wholesale,Japan,Product A,348,10.53,21.48,7475.04,544.63,6930.41,3664.44,3265.97
2023-12-04,Retail,Japan,Product C,438,12.35,33.41,14633.58,1647.26,12986.32,5409.3,7577.02
2023-12-05,Retail,Germany,Product C,199,91.4,255.96,50936.04,9240.62,41695.42,18188.6,23506.82
2023-12-06,Retail,India,Product C,193,35.91,71.99,13894.07,1336.96,12557.11,6930.63,5626.48
2023-12-07,Wholesale,USA,Product B,83,61.49,144.44,11988.52,845.77,11142.75,5103.67,6039.08
2023-12-08,Retail,India,Product D,319,97.1,278.25,88761.75,6309.16,82452.59,30974.9,51477.69
2023-12-09,Retail,Germany,Product B,247,71.92,213.93,52840.71,6568.34,46272.37,17764.24,28508.13
2023-12-10,Wholesale,USA,Product B,439,90.29,193.68,85025.52,4736.28,80289.24,39637.31,40651.93
2023-12-11,Wholesale,Germany,Product B,462,13.49,27.56,12732.72,809.33,11923.39,6232.38,5691.01
2023-12-12,Wholesale,India,Product D,339,73.76,147.18,49894.02,4131.24,45762.78,25004.64,20758.14
2023-12-13,Wholesale,Germany,Product C,415,68.57,115.13,47778.95,3711.96,44066.99,28456.55,15610.44
2023-12-14,Wholesale,Germany,Product C,53,81.46,168.23,8916.19,1667.1,7249.09,4317.38,2931.71
2023-12-15,Wholesale,USA,Product C,479,78.15,229.46,109911.34,20359.35,89551.99,37433.85,52118.14
2023-12-16,Wholesale,Japan,Product A,403,21.68,56.79,22886.37,2328.24,20558.13,8737.04,11821.09
2023-12-17,Retail,Germany,Product C,237,11.85,29.02,6877.74,601.68,6276.06,2808.45,3467.61
2023-12-18,Wholesale,India,Product D,421,65.02,101.48,42723.08,7506.52,35216.56,27373.42,7843.14
2023-12-19,Wholesale,Germany,Product B,146,71.99,130.1,18994.6,3625.61,15368.99,10510.54,4858.45
2023-12-20,Retail,Japan,Product C,366,20.5,56.41,20646.06,1532.0,19114.06,7503.0,11611.06
2023-12-21,Wholesale,India,Product B,294,87.34,174.13,51194.22,9960.07,41234.15,25677.96,15556.19
2023-12-22,Wholesale,UK,Product D,296,91.11,172.19,50968.24,5213.69,45754.55,26968.56,18785.99
2023-12-23,Wholesale,India,Product B,376,34.41,71.74,26974.24,3111.72,23862.52,12938.16,10924.36
2023-12-24,Retail,USA,Product D,387,54.59,121.61,47063.07,6178.39,40884.68,21126.33,19758.35
2023-12-25,Retail,UK,Product A,378,44.52,118.97,44970.66,6445.69,38524.97,16828.56,21696.41
2023-12-26,Wholesale,Japan,Product D,88,82.34,175.36,15431.68,2093.54,13338.14,7245.92,6092.22
2023-12-27,Wholesale,Germany,Product B,249,75.81,138.24,34421.76,6703.55,27718.21,18876.69,8841.52
2023-12-28,Retail,India,Product B,174,53.0,136.44,23740.56,4660.67,19079.89,9222.0,9857.89
2023-12-29,Wholesale,Germany,Product C,357,35.98,105.83,37781.31,2805.9,34975.41,12844.86,22130.55
2023-12-30,Wholesale,Japan,Product C,219,38.7,81.47,17841.93,1628.52,16213.41,8475.3,7738.11
2023-12-31,Wholesale,Germany,Product B,282,79.87,201.14,56721.48,5203.69,51517.79,22523.34,28994.45
2024-01-01,Retail,Germany,Product B,292,60.46,140.77,41104.84,7235.72,33869.12,17654.32,16214.8
2024-01-02,Retail,UK,Product C,448,70.34,109.8,49190.4,7990.5,41199.9,31512.32,9687.58
2024-01-03,Wholesale,UK,Product B,70,21.8,38.01,2660.7,499.45,2161.25,1526.0,635.25
2024-01-04,Retail,India,Product D,349,83.5,179.64,62694.36,6109.52,56584.84,29141.5,27443.34
2024-01-05,Wholesale,Germany,Product D,195,36.13,102.22,19932.9,1066.71,18866.19,7045.35,11820.84
2024-01-06,Retail,UK,Product C,171,94.09,189.16,32346.36,6200.29,26146.07,16089.39,10056.68
2024-01-07,Wholesale,Germany,Product A,140,16.19,33.58,4701.2,474.48,4226.72,2266.6,1960.12
2024-01-08,Retail,Japan,Product D,300,40.8,84.72,25416.0,2259.64,23156.36,12240.0,10916.36
2024-01-09,Retail,Germany,Product D,72,33.6,71.4,5140.8,639.8,4501.0,2419.2,2081.8
2024-01-10,Retail,India,Product B,96,15.55,44.42,4264.32,817.88,3446.44,1492.8,1953.64
2024-01-11,Retail,UK,Product C,392,44.96,73.79,28925.68,5495.33,23430.35,17624.32,5806.03
2024-01-12,Wholesale,UK,Product C,433,79.47,158.74,68734.42,6574.46,62159.96,34410.51,27749.45
2024-01-13,Wholesale,USA,Product C,466,83.1,186.06,86703.96,11420.1,75283.86,38724.6,36559.26
2024-01-14,Wholesale,UK,Product A,82,43.44,74.4,6100.8,844.72,5256.08,3562.08,1694.0
2024-01-15,Retail,India,Product A,451,91.69,265.96,119947.96,16318.7,103629.26,41352.19,62277.07
2024-01-16,Wholesale,USA,Product D,391,35.61,100.29,39213.39,4805.64,34407.75,13923.51,20484.24
2024-01-17,Wholesale,UK,Product C,141,55.63,145.58,20526.78,2484.76,18042.02,7843.83,10198.19
2024-01-18,Retail,UK,Product C,454,92.72,221.35,100492.9,6947.78,93545.12,42094.88,51450.24
2024-01-19,Retail,Germany,Product B,388,67.4,144.21,55953.48,9813.99,46139.49,26151.2,19988.29
2024-01-20,Retail,UK,Product D,352,17.89,30.25,10648.0,2070.69,8577.31,6297.28,2280.03
2024-01-21,Retail,Germany,Product B,242,57.14,151.3,36614.6,5776.93,30837.67,13827.88,17009.79
2024-01-22,Retail,Japan,Product D,69,55.2,107.38,7409.22,1141.93,6267.29,3808.8,2458.49
2024-01-23,Wholesale,USA,Product C,383,80.85,240.48,92103.84,17556.56,74547.28,30965.55,43581.73
2024-01-24,Wholesale,Germany,Product B,54,90.1,135.9,7338.6,1174.33,6164.27,4865.4,1298.87
2024-01-25,Retail,Germany,Product B,376,23.64,36.03,13547.28,1722.71,11824.57,8888.64,2935.93
2024-01-26,Retail,USA,Product C,147,73.51,173.84,25554.48,3963.06,21591.42,10805.97,10785.45
2024-01-27,Wholesale,USA,Product B,150,98.29,227.92,34188.0,2439.39,31748.61,14743.5,17005.11
2024-01-28,Retail,UK,Product B,96,65.01,139.18,13361.28,1116.46,12244.82,6240.96,6003.86
2024-01-29,Retail,India,Product D,63,22.41,50.87,3204.81,176.67,3028.14,1411.83,1616.31
2024-01-30,Wholesale,USA,Product C,118,37.02,105.55,12454.9,1356.53,11098.37,4368.36,6730.01
2024-01-31,Wholesale,USA,Product D,402,50.03,127.75,51355.5,8904.63,42450.87,20112.06,22338.81
2024-02-01,Retail,Japan,Product C,120,93.2,267.41,32089.2,3568.01,28521.19,11184.0,17337.19
2024-02-02,Wholesale,Japan,Product A,264,53.3,106.37,28081.68,4953.05,23128.63,14071.2,9057.43
2024-02-03,Wholesale,UK,Product B,242,38.02,57.39,13888.38,2552.29,11336.09,9200.84,2135.25
2024-02-04,Wholesale,India,Product A,340,95.67,203.25,69105.0,8591.17,60513.83,32527.8,27986.03
2024-02-05,Retail,India,Product C,157,36.7,80.41,12624.37,1395.72,11228.65,5761.9,5466.75
2024-02-06,Wholesale,UK,Product C,310,44.48,71.22,22078.2,1181.79,20896.41,13788.8,7107.61
2024-02-07,Wholesale,India,Product C,492,17.59,27.06,13313.52,2216.4,11097.12,8654.28,2442.84
2024-02-08,Retail,Germany,Product B,60,39.78,111.45,6687.0,742.47,5944.53,2386.8,3557.73
2024-02-09,Retail,Germany,Product C,352,31.02,63.59,22383.68,2173.8,20209.88,10919.04,9290.84
2024-02-10,Retail,India,Product A,103,88.44,143.78,14809.34,1802.8,13006.54,9109.32,3897.22
2024-02-11,Retail,USA,Product B,137,69.51,160.74,22021.38,1697.17,20324.21,9522.87,10801.34
2024-02-12,Wholesale,India,Product D,182,49.86,93.0,16926.0,2505.67,14420.33,9074.52,5345.81
2024-02-13,Retail,India,Product C,324,71.71,116.04,37596.96,3369.24,34227.72,23234.04,10993.68
2024-02-14,Retail,USA,Product D,55,21.05,52.78,2902.9,273.25,2629.65,1157.75,1471.9
2024-02-15,Wholesale,Germany,Product B,480,59.92,105.55,50664.0,4820.1,45843.9,28761.6,17082.3
2024-02-16,Wholesale,UK,Product A,376,34.26,71.0,26696.0,2406.38,24289.62,12881.76,11407.86
2024-02-17,Retail,UK,Product B,376,10.25,20.93,7869.68,937.91,6931.77,3854.0,3077.77
2024-02-18,Retail,USA,Product B,353,81.87,194.31,68591.43,7707.38,60884.05,28900.11,31983.94
2024-02-19,Wholesale,India,Product D,103,19.85,34.6,3563.8,433.74,3130.06,2044.55,1085.51
2024-02-20,Wholesale,UK,Product B,104,99.23,183.29,19062.16,2338.44,16723.72,10319.92,6403.8
2024-02-21,Retail,UK,Product D,61,53.38,93.42,5698.62,536.11,5162.51,3256.18,1906.33
2024-02-22,Wholesale,Germany,Product A,423,13.25,24.81,10494.63,868.01,9626.62,5604.75,4021.87
2024-02-23,Retail,Japan,Product C,70,33.96,98.17,6871.9,1163.72,5708.18,2377.2,3330.98
2024-02-24,Wholesale,USA,Product B,143,23.22,58.42,8354.06,1436.37,6917.69,3320.46,3597.23
2024-02-25,Wholesale,UK,Product B,176,33.55,57.91,10192.16,1181.96,9010.2,5904.8,3105.4
2024-02-26,Retail,Japan,Product B,423,69.48,133.49,56466.27,8470.01,47996.26,29390.04,18606.22
2024-02-27,Retail,India,Product A,487,39.9,67.94,33086.78,3395.06,29691.72,19431.3,10260.42
2024-02-28,Wholesale,India,Product B,62,83.98,191.14,11850.68,1349.62,10501.06,5206.76,5294.3
2024-02-29,Retail,Japan,Product D,425,45.03,129.88,55199.0,9043.4,46155.6,19137.75,27017.85
2024-03-01,Retail,USA,Product B,213,99.62,241.86,51516.18,4825.92,46690.26,21219.06,25471.2
2024-03-02,Retail,USA,Product B,299,29.03,62.8,18777.2,1002.7,17774.5,8679.97,9094.53
2024-03-03,Wholesale,Germany,Product D,74,97.05,182.85,13530.9,991.36,12539.54,7181.7,5357.84
2024-03-04,Retail,Japan,Product D,319,60.9,94.57,30167.83,4519.84,25647.99,19427.1,6220.89
2024-03-05,Wholesale,India,Product D,275,96.32,148.71,40895.25,6189.96,34705.29,26488.0,8217.29
2024-03-06,Wholesale,India,Product C,181,58.52,157.72,28547.32,2213.75,26333.57,10592.12,15741.45
2024-03-07,Retail,Germany,Product D,443,62.02,101.92,45150.56,7433.24,37717.32,27474.86,10242.46
2024-03-08,Retail,USA,Product C,75,38.74,92.39,6929.25,1164.88,5764.37,2905.5,2858.87
2024-03-09,Retail,Germany,Product D,195,68.99,141.23,27539.85,1524.5,26015.35,13453.05,12562.3
2024-03-10,Retail,Germany,Product A,102,15.9,33.93,3460.86,436.82,3024.04,1621.8,1402.24
2024-03-11,Wholesale,USA,Product C,69,26.66,71.82,4955.58,827.9,4127.68,1839.54,2288.14
2024-03-12,Retail,India,Product D,328,78.41,124.78,40927.84,5335.23,35592.61,25718.48,9874.13
2024-03-13,Retail,Japan,Product A,188,55.57,118.65,22306.2,2164.46,20141.74,10447.16,9694.58
2024-03-14,Retail,Germany,Product A,246,19.17,30.8,7576.8,715.61,6861.19,4715.82,2145.37
2024-03-15,Wholesale,UK,Product D,289,23.44,52.17,15077.13,836.41,14240.72,6774.16,7466.56
2024-03-16,Retail,Japan,Product C,316,83.85,219.14,69248.24,7034.61,62213.63,26496.6,35717.03
2024-03-17,Wholesale,India,Product D,213,52.71,81.06,17265.78,2203.02,15062.76,11227.23,3835.53
2024-03-18,Wholesale,Japan,Product A,455,91.86,228.54,103985.7,9714.0,94271.7,41796.3,52475.4
2024-03-19,Wholesale,India,Product C,479,11.89,31.6,15136.4,2960.16,12176.24,5695.31,6480.93
2024-03-20,Retail,UK,Product B,116,73.54,157.09,18222.44,2965.35,15257.09,8530.64,6726.45
2024-03-21,Wholesale,UK,Product A,287,38.05,91.36,26220.32,1600.83,24619.49,10920.35,13699.14
2024-03-22,Wholesale,USA,Product C,325,65.13,140.06,45519.5,6545.42,38974.08,21167.25,17806.83
2024-03-23,Wholesale,Germany,Product A,209,24.2,46.4,9697.6,1319.16,8378.44,5057.8,3320.64
2024-03-24,Retail,India,Product C,197,33.61,96.63,19036.11,3174.52,15861.59,6621.17,9240.42
2024-03-25,Wholesale,Germany,Product D,315,86.86,255.27,80410.05,8052.81,72357.24,27360.9,44996.34
2024-03-26,Wholesale,UK,Product C,103,28.69,83.6,8610.8,1106.12,7504.68,2955.07,4549.61
2024-03-27,Wholesale,India,Product C,460,88.18,245.24,112810.4,21254.18,91556.22,40562.8,50993.42
2024-03-28,Wholesale,India,Product B,461,30.99,79.04,36437.44,4800.15,31637.29,14286.39,17350.9
2024-03-29,Retail,Germany,Product A,370,20.03,46.86,17338.2,2681.28,14656.92,7411.1,7245.82
2024-03-30,Retail,India,Product C,199,92.98,246.51,49055.49,6666.47,42389.02,18503.02,23886.0
2024-03-31,Retail,UK,Product C,493,79.32,177.93,87719.49,8729.91,78989.58,39104.76,39884.82
2024-04-01,Retail,USA,Product B,182,72.34,208.72,37987.04,3207.98,34779.06,13165.88,21613.18
2024-04-02,Wholesale,Germany,Product D,69,38.25,69.26,4778.94,385.37,4393.57,2639.25,1754.32
2024-04-03,Retail,Germany,Product D,448,71.69,159.8,71590.4,13059.86,58530.54,32117.12,26413.42
2024-04-04,Retail,USA,Product A,343,31.37,51.34,17609.62,2447.4,15162.22,10759.91,4402.31
2024-04-05,Wholesale,UK,Product B,422,32.88,85.04,35886.88,2196.95,33689.93,13875.36,19814.57
2024-04-06,Retail,UK,Product D,188,79.18,170.21,31999.48,1763.59,30235.89,14885.84,15350.05
2024-04-07,Retail,India,Product C,225,93.83,174.89,39350.25,2412.0,36938.25,21111.75,15826.5
2024-04-08,Retail,USA,Product C,85,58.87,92.36,7850.6,660.54,7190.06,5003.95,2186.11
2024-04-09,Wholesale,USA,Product C,256,74.95,168.09,43031.04,3007.79,40023.25,19187.2,20836.05
2024-04-10,Retail,India,Product C,344,74.99,158.13,54396.72,3908.19,50488.53,25796.56,24691.97
2024-04-11,Wholesale,USA,Product A,430,63.17,188.44,81029.2,15367.49,65661.71,27163.1,38498.61
2024-04-12,Retail,UK,Product A,74,40.13,75.23,5567.02,856.79,4710.23,2969.62,1740.61
2024-04-13,Retail,UK,Product C,130,98.54,282.12,36675.6,4846.35,31829.25,12810.2,19019.05
2024-04-14,Retail,Japan,Product D,475,13.33,39.86,18933.5,1737.9,17195.6,6331.75,10863.85
2024-04-15,Wholesale,Japan,Product C,69,49.14,110.26,7607.94,1285.59,6322.35,3390.66,2931.69
2024-04-16,Wholesale,Japan,Product A,245,86.24,197.0,48265.0,7812.05,40452.95,21128.8,19324.15
2024-04-17,Retail,Japan,Product B,457,93.93,271.1,123892.7,9831.31,114061.39,42926.01,71135.38
2024-04-18,Wholesale,USA,Product A,148,71.29,124.6,18440.8,3440.0,15000.8,10550.92,4449.88
2024-04-19,Retail,India,Product D,227,27.51,41.74,9474.98,1554.63,7920.35,6244.77,1675.58
2024-04-20,Retail,Japan,Product D,136,95.69,225.74,30700.64,1680.14,29020.5,13013.84,16006.66
2024-04-21,Retail,USA,Product B,418,12.82,26.31,10997.58,1986.58,9011.0,5358.76,3652.24
2024-04-22,Retail,UK,Product B,221,22.4,48.63,10747.23,981.08,9766.15,4950.4,4815.75
2024-04-23,Retail,Germany,Product A,247,72.7,150.02,37054.94,5429.12,31625.82,17956.9,13668.92
2024-04-24,Retail,USA,Product B,394,22.14,43.98,17328.12,3404.99,13923.13,8723.16,5199.97
2024-04-25,Wholesale,India,Product C,81,61.45,132.93,10767.33,1096.42,9670.91,4977.45,4693.46
2024-04-26,Retail,Japan,Product B,328,64.83,142.61,46776.08,9143.62,37632.46,21264.24,16368.22
2024-04-27,Retail,Germany,Product B,220,23.59,36.02,7924.4,1531.89,6392.51,5189.8,1202.71
2024-04-28,Wholesale,USA,Product A,162,31.65,63.86,10345.32,2020.04,8325.28,5127.3,3197.98
2024-04-29,Retail,Japan,Product C,320,37.16,105.91,33891.2,6135.2,27756.0,11891.2,15864.8
2024-04-30,Wholesale,India,Product B,318,41.91,95.45,30353.1,4183.98,26169.12,13327.38,12841.74
2024-05-01,Retail,USA,Product A,335,32.31,67.43,22589.05,1471.2,21117.85,10823.85,10294.0
2024-05-02,Retail,Japan,Product C,394,57.61,115.08,45341.52,2274.5,43067.02,22698.34,20368.68
2024-05-03,Retail,Germany,Product A,417,56.61,86.43,36041.31,5654.87,30386.44,23606.37,6780.07
2024-05-04,Retail,UK,Product B,206,42.8,128.34,26438.04,2933.88,23504.16,8816.8,14687.36
2024-05-05,Wholesale,Germany,Product A,361,45.81,117.38,42374.18,2362.0,40012.18,16537.41,23474.77
2024-05-06,Retail,Japan,Product D,251,62.84,113.79,28561.29,2083.63,26477.66,15772.84,10704.82
2024-05-07,Wholesale,Germany,Product C,267,75.14,159.19,42503.73,5891.47,36612.26,20062.38,16549.88
2024-05-08,Wholesale,UK,Product D,309,32.3,89.87,27769.83,1863.08,25906.75,9980.7,15926.05
2024-05-09,Wholesale,Japan,Product D,105,69.59,158.11,16601.55,2895.67,13705.88,7306.95,6398.93
2024-05-10,Wholesale,Germany,Product A,166,30.12,46.6,7735.6,612.71,7122.89,4999.92,2122.97
2024-05-11,Wholesale,UK,Product A,155,22.19,60.26,9340.3,525.55,8814.75,3439.45,5375.3
2024-05-12,Wholesale,Japan,Product D,500,85.14,138.05,69025.0,5235.16,63789.84,42570.0,21219.84
2024-05-13,Retail,India,Product A,486,60.2,95.49,46408.14,4132.63,42275.51,29257.2,13018.31
2024-05-14,Retail,UK,Product C,206,38.6,98.59,20309.54,3756.79,16552.75,7951.6,8601.15
2024-05-15,Retail,UK,Product A,395,46.87,77.12,30462.4,2877.04,27585.36,18513.65,9071.71
2024-05-16,Wholesale,USA,Product D,289,16.74,36.9,10664.1,1667.46,8996.64,4837.86,4158.78
2024-05-17,Retail,Japan,Product D,478,12.65,33.23,15883.94,2129.12,13754.82,6046.7,7708.12
2024-05-18,Wholesale,India,Product A,367,22.22,54.15,19873.05,3791.28,16081.77,8154.74,7927.03
2024-05-19,Wholesale,India,Product B,295,20.88,56.91,16788.45,858.08,15930.37,6159.6,9770.77
2024-05-20,Retail,India,Product D,78,60.25,153.6,11980.8,1667.22,10313.58,4699.5,5614.08
2024-05-21,Retail,India,Product C,129,56.78,88.54,11421.66,851.78,10569.88,7324.62,3245.26
2024-05-22,Retail,UK,Product D,193,18.24,33.16,6399.88,845.08,5554.8,3520.32,2034.48
2024-05-23,Wholesale,Japan,Product D,288,39.55,90.97,26199.36,1558.45,24640.91,11390.4,13250.51
2024-05-24,Retail,USA,Product A,235,57.23,112.38,26409.3,1809.41,24599.89,13449.05,11150.84
2024-05-25,Retail,Germany,Product B,176,91.43,180.88,31834.88,1888.53,29946.35,16091.68,13854.67
2024-05-26,Wholesale,Germany,Product D,265,63.32,149.69,39667.85,4820.64,34847.21,16779.8,18067.41
2024-05-27,Wholesale,India,Product A,403,14.46,30.67,12360.01,828.14,11531.87,5827.38,5704.49
2024-05-28,Retail,Germany,Product D,149,91.67,214.57,31970.93,3004.12,28966.81,13658.83,15307.98
2024-05-29,Retail,Germany,Product C,82,37.48,111.57,9148.74,971.82,8176.92,3073.36,5103.56
2024-05-30,Wholesale,USA,Product D,346,30.56,62.01,21455.46,1265.44,20190.02,10573.76,9616.26
2024-05-31,Retail,Japan,Product D,463,62.63,153.18,70922.34,4314.37,66607.97,28997.69,37610.28
2024-06-01,Retail,UK,Product C,470,27.39,63.67,29924.9,4734.84,25190.06,12873.3,12316.76
2024-06-02,Retail,UK,Product B,315,80.07,179.92,56674.8,4651.65,52023.15,25222.05,26801.1
2024-06-03,Retail,Japan,Product D,183,42.93,104.5,19123.5,3095.02,16028.48,7856.19,8172.29
2024-06-04,Wholesale,Germany,Product A,415,78.58,233.81,97031.15,13141.23,83889.92,32610.7,51279.22
2024-06-05,Wholesale,UK,Product A,57,50.35,137.28,7824.96,1036.61,6788.35,2869.95,3918.4
2024-06-06,Retail,USA,Product B,158,96.98,287.11,45363.38,8725.68,36637.7,15322.84,21314.86
2024-06-07,Wholesale,Germany,Product C,270,56.07,127.76,34495.2,2951.44,31543.76,15138.9,16404.86
2024-06-08,Retail,UK,Product A,77,57.66,128.79,9916.83,1886.86,8029.97,4439.82,3590.15
2024-06-09,Retail,India,Product D,134,68.79,163.24,21874.16,1395.51,20478.65,9217.86,11260.79
2024-06-10,Retail,USA,Product B,328,82.69,195.41,64094.48,10019.76,54074.72,27122.32,26952.4
2024-06-11,Retail,Germany,Product B,442,63.12,169.1,74742.2,12750.25,61991.95,27899.04,34092.91
2024-06-12,Wholesale,Japan,Product C,303,76.29,210.04,63642.12,5854.86,57787.26,23115.87,34671.39
2024-06-13,Wholesale,Japan,Product A,94,57.06,118.82,11169.08,2202.16,8966.92,5363.64,3603.28
2024-06-14,Retail,Japan,Product D,53,73.87,216.77,11488.81,1031.96,10456.85,3915.11,6541.74
2024-06-15,Wholesale,UK,Product A,374,90.5,177.36,66332.64,10528.18,55804.46,33847.0,21957.46
2024-06-16,Retail,India,Product D,353,13.63,27.95,9866.35,928.14,8938.21,4811.39,4126.82
2024-06-17,Retail,Japan,Product A,159,34.49,66.73,10610.07,1255.14,9354.93,5483.91,3871.02
2024-06-18,Retail,Japan,Product A,85,47.18,127.06,10800.1,942.77,9857.33,4010.3,5847.03
2024-06-19,Wholesale,Germany,Product A,130,52.76,156.93,20400.9,2921.02,17479.88,6858.8,10621.08
2024-06-20,Retail,Germany,Product A,360,50.01,78.44,28238.4,4463.13,23775.27,18003.6,5771.67
2024-06-21,Retail,Germany,Product D,487,15.06,44.26,21554.62,2585.84,18968.78,7334.22,11634.56
2024-06-22,Retail,UK,Product D,166,40.85,107.54,17851.64,3559.54,14292.1,6781.1,7511.0
2024-06-23,Retail,Japan,Product C,345,99.63,219.8,75831.0,3882.94,71948.06,34372.35,37575.71
2024-06-24,Retail,Japan,Product C,378,25.52,60.66,22929.48,1537.71,21391.77,9646.56,11745.21
2024-06-25,Wholesale,Japan,Product C,282,78.73,129.84,36614.88,5273.07,31341.81,22201.86,9139.95
2024-06-26,Retail,Japan,Product C,269,18.08,32.16,8651.04,561.21,8089.83,4863.52,3226.31
2024-06-27,Retail,Germany,Product C,255,83.31,160.07,40817.85,4419.05,36398.8,21244.05,15154.75
2024-06-28,Retail,Germany,Product C,142,65.7,116.6,16557.2,2200.09,14357.11,9329.4,5027.71
2024-06-29,Wholesale,Germany,Product B,126,18.97,39.39,4963.14,803.42,4159.72,2390.22,1769.5
2024-06-30,Wholesale,Japan,Product B,143,15.75,33.31,4763.33,858.85,3904.48,2252.25,1652.23
2024-07-01,Retail,USA,Product C,348,69.91,187.5,65250.0,6347.74,58902.26,24328.68,34573.58
2024-07-02,Retail,Japan,Product D,65,57.05,163.33,10616.45,1721.39,8895.06,3708.25,5186.81
2024-07-03,Wholesale,USA,Product A,361,47.19,138.15,49872.15,4309.42,45562.73,17035.59,28527.14
2024-07-04,Retail,USA,Product A,249,10.79,22.44,5587.56,775.38,4812.18,2686.71,2125.47
2024-07-05,Wholesale,UK,Product B,209,26.52,57.19,11952.71,2211.2,9741.51,5542.68,4198.83
2024-07-06,Retail,USA,Product B,321,58.62,128.57,41270.97,3174.26,38096.71,18817.02,19279.69
2024-07-07,Wholesale,USA,Product D,129,79.29,138.54,17871.66,2824.73,15046.93,10228.41,4818.52
2024-07-08,Wholesale,UK,Product A,144,30.38,69.11,9951.84,1340.37,8611.47,4374.72,4236.75
2024-07-09,Wholesale,Japan,Product B,437,18.72,29.27,12790.99,2056.79,10734.2,8180.64,2553.56
2024-07-10,Retail,India,Product B,229,29.77,85.81,19650.49,1257.78,18392.71,6817.33,11575.38
2024-07-11,Retail,Japan,Product A,233,51.51,127.99,29821.67,4589.31,25232.36,12001.83,13230.53
2024-07-12,Retail,India,Product A,331,61.03,108.09,35777.79,3988.92,31788.87,20200.93,11587.94
2024-07-13,Wholesale,India,Product C,185,95.65,187.06,34606.1,4203.43,30402.67,17695.25,12707.42
2024-07-14,Wholesale,Japan,Product A,294,23.49,53.7,15787.8,2264.02,13523.78,6906.06,6617.72
2024-07-15,Retail,UK,Product D,208,34.31,73.76,15342.08,1355.55,13986.53,7136.48,6850.05
2024-07-16,Retail,India,Product C,134,49.66,115.12,15426.08,1973.79,13452.29,6654.44,6797.85
2024-07-17,Wholesale,Japan,Product C,138,44.71,67.49,9313.62,587.59,8726.03,6169.98,2556.05
2024-07-18,Retail,Germany,Product B,248,88.29,207.15,51373.2,9484.21,41888.99,21895.92,19993.07
2024-07-19,Wholesale,Japan,Product B,86,32.11,61.61,5298.46,830.78,4467.68,2761.46,1706.22
2024-07-20,Wholesale,India,Product D,359,82.65,225.78,81055.02,12272.74,68782.28,29671.35,39110.93
2024-07-21,Retail,Japan,Product B,411,21.47,61.41,25239.51,1909.34,23330.17,8824.17,14506.0
2024-07-22,Retail,Germany,Product C,237,70.04,118.09,27987.33,5400.85,22586.48,16599.48,5987.0
2024-07-23,Retail,UK,Product B,235,96.85,212.18,49862.3,6393.54,43468.76,22759.75,20709.01
2024-07-24,Wholesale,Germany,Product B,303,99.33,258.92,78452.76,7805.63,70647.13,30096.99,40550.14
2024-07-25,Retail,India,Product C,275,14.11,36.78,10114.5,1389.91,8724.59,3880.25,4844.34
2024-07-26,Wholesale,UK,Product B,88,23.81,45.27,3983.76,542.57,3441.19,2095.28,1345.91
2024-07-27,Retail,UK,Product A,235,77.56,181.45,42640.75,3670.76,38969.99,18226.6,20743.39
2024-07-28,Wholesale,India,Product D,260,86.66,179.47,46662.2,3198.18,43464.02,22531.6,20932.42
2024-07-29,Wholesale,UK,Product D,238,70.12,210.11,50006.18,6673.18,43333.0,16688.56,26644.44
2024-07-30,Retail,USA,Product B,226,81.77,123.92,28005.92,3666.1,24339.82,18480.02,5859.8
2024-07-31,Wholesale,Japan,Product B,450,50.11,130.22,58599.0,10636.6,47962.4,22549.5,25412.9
2024-08-01,Wholesale,USA,Product D,309,46.18,108.99,33677.91,3276.48,30401.43,14269.62,16131.81
2024-08-02,Retail,Germany,Product B,370,31.77,91.71,33932.7,1814.63,32118.07,11754.9,20363.17
2024-08-03,Retail,UK,Product A,186,73.16,145.13,26994.18,3083.95,23910.23,13607.76,10302.47
2024-08-04,Retail,USA,Product A,433,58.12,167.44,72501.52,4780.12,67721.4,25165.96,42555.44
2024-08-05,Wholesale,UK,Product A,477,81.73,229.73,109581.21,20174.78,89406.43,38985.21,50421.22
2024-08-06,Retail,India,Product C,482,88.16,224.74,108324.68,15067.77,93256.91,42493.12,50763.79
2024-08-07,Retail,USA,Product A,115,24.04,60.9,7003.5,1390.11,5613.39,2764.6,2848.79
2024-08-08,Wholesale,Japan,Product D,250,17.86,28.27,7067.5,1012.61,6054.89,4465.0,1589.89
2024-08-09,Wholesale,UK,Product B,277,84.45,151.38,41932.26,2475.85,39456.41,23392.65,16063.76
2024-08-10,Retail,USA,Product A,340,78.8,159.73,54308.2,7025.5,47282.7,26792.0,20490.7
2024-08-11,Retail,UK,Product C,419,49.94,92.69,38837.11,6421.11,32416.0,20924.86,11491.14
2024-08-12,Wholesale,UK,Product B,109,41.47,80.2,8741.8,1676.8,7065.0,4520.23,2544.77
2024-08-13,Retail,Germany,Product A,331,85.7,220.41,72955.71,6135.03,66820.68,28366.7,38453.98
2024-08-14,Retail,Germany,Product A,65,54.75,145.85,9480.25,1049.9,8430.35,3558.75,4871.6
2024-08-15,Wholesale,Germany,Product A,259,90.11,184.81,47865.79,6027.5,41838.29,23338.49,18499.8
2024-08-16,Retail,India,Product D,436,43.47,110.92,48361.12,8915.9,39445.22,18952.92,20492.3
2024-08-17,Wholesale,India,Product C,463,38.9,98.71,45702.73,8969.66,36733.07,18010.7,18722.37
2024-08-18,Wholesale,Japan,Product B,375,15.55,40.69,15258.75,919.08,14339.67,5831.25,8508.42
2024-08-19,Retail,USA,Product C,215,33.85,77.93,16754.95,2242.28,14512.67,7277.75,7234.92
2024-08-20,Wholesale,Germany,Product D,368,83.38,132.24,48664.32,7192.42,41471.9,30683.84,10788.06
2024-08-21,Wholesale,UK,Product B,376,89.04,253.51,95319.76,12437.23,82882.53,33479.04,49403.49
2024-08-22,Wholesale,India,Product B,113,79.14,196.6,22215.8,1997.14,20218.66,8942.82,11275.84
2024-08-23,Retail,USA,Product B,182,88.87,190.71,34709.22,6414.0,28295.22,16174.34,12120.88
2024-08-24,Retail,India,Product B,250,56.57,123.92,30980.0,5556.49,25423.51,14142.5,11281.01
2024-08-25,Wholesale,UK,Product C,75,20.68,49.19,3689.25,534.72,3154.53,1551.0,1603.53
2024-08-26,Wholesale,USA,Product C,278,22.73,47.33,13157.74,1681.17,11476.57,6318.94,5157.63
2024-08-27,Retail,Germany,Product C,129,49.72,100.83,13007.07,985.81,12021.26,6413.88,5607.38
2024-08-28,Retail,UK,Product C,279,88.02,175.32,48914.28,3928.47,44985.81,24557.58,20428.23
2024-08-29,Wholesale,USA,Product C,277,98.81,226.31,62687.87,12458.35,50229.52,27370.37,22859.15
2024-08-30,Retail,Germany,Product A,164,17.33,45.27,7424.28,1473.95,5950.33,2842.12,3108.21
2024-08-31,Retail,USA,Product C,295,11.97,20.99,6192.05,1072.15,5119.9,3531.15,1588.75
2024-09-01,Wholesale,USA,Product A,499,33.61,70.4,35129.6,6753.58,28376.02,16771.39,11604.63
2024-09-02,Retail,UK,Product A,405,42.8,64.44,26098.2,4776.85,21321.35,17334.0,3987.35
2024-09-03,Retail,India,Product B,137,83.79,133.76,18325.12,1756.09,16569.03,11479.23,5089.8
2024-09-04,Wholesale,Germany,Product A,56,12.99,35.65,1996.4,240.47,1755.93,727.44,1028.49
2024-09-05,Retail,USA,Product D,152,89.41,266.68,40535.36,4725.69,35809.67,13590.32,22219.35
2024-09-06,Wholesale,Japan,Product B,422,42.05,119.85,50576.7,9068.87,41507.83,17745.1,23762.73
2024-09-07,Wholesale,Japan,Product D,250,85.53,202.56,50640.0,9484.86,41155.14,21382.5,19772.64
2024-09-08,Wholesale,USA,Product B,94,83.9,247.45,23260.3,3832.85,19427.45,7886.6,11540.85
2024-09-09,Retail,USA,Product B,408,64.43,172.8,70502.4,12172.44,58329.96,26287.44,32042.52
2024-09-10,Wholesale,USA,Product A,492,24.29,49.95,24575.4,2234.09,22341.31,11950.68,10390.63
2024-09-11,Wholesale,Germany,Product D,150,17.31,50.89,7633.5,1002.43,6631.07,2596.5,4034.57
2024-09-12,Retail,Japan,Product B,490,36.36,72.82,35681.8,4295.86,31385.94,17816.4,13569.54
2024-09-13,Wholesale,USA,Product C,298,91.16,163.36,48681.28,4937.65,43743.63,27165.68,16577.95
2024-09-14,Wholesale,USA,Product B,123,93.42,246.29,30293.67,4317.08,25976.59,11490.66,14485.93
2024-09-15,Wholesale,USA,Product B,280,44.58,77.04,21571.2,2651.43,18919.77,12482.4,6437.37
2024-09-16,Retail,Japan,Product D,453,41.26,92.18,41757.54,5880.34,35877.2,18690.78,17186.42
2024-09-17,Wholesale,UK,Product A,171,84.81,163.12,27893.52,2301.7,25591.82,14502.51,11089.31
2024-09-18,Retail,Japan,Product B,111,94.35,227.5,25252.5,4182.52,21069.98,10472.85,10597.13
2024-09-19,Wholesale,India,Product A,365,72.77,126.24,46077.6,4731.57,41346.03,26561.05,14784.98
2024-09-20,Wholesale,UK,Product D,459,40.03,69.04,31689.36,2344.49,29344.87,18373.77,10971.1
2024-09-21,Retail,Japan,Product D,107,56.64,134.22,14361.54,1841.19,12520.35,6060.48,6459.87
2024-09-22,Wholesale,USA,Product C,294,18.66,42.9,12612.6,1123.52,11489.08,5486.04,6003.04
2024-09-23,Retail,Japan,Product B,392,12.79,36.99,14500.08,1403.34,13096.74,5013.68,8083.06
2024-09-24,Wholesale,Germany,Product D,204,57.97,90.01,18362.04,1156.93,17205.11,11825.88,5379.23
2024-09-25,Wholesale,Germany,Product A,495,87.05,167.31,82818.45,10646.99,72171.46,43089.75,29081.71
2024-09-26,Retail,USA,Product A,53,96.94,157.64,8354.92,1412.07,6942.85,5137.82,1805.03
2024-09-27,Wholesale,Japan,Product C,281,64.66,188.09,52853.29,4630.29,48223.0,18169.46,30053.54
2024-09-28,Retail,Japan,Product B,256,39.83,91.15,23334.4,4053.78,19280.62,10196.48,9084.14
2024-09-29,Wholesale,UK,Product B,389,57.17,122.78,47761.42,3326.03,44435.39,22239.13,22196.26
2024-09-30,Wholesale,USA,Product B,247,96.53,192.96,47661.12,4320.38,43340.74,23842.91,19497.83
2024-10-01,Wholesale,USA,Product A,218,85.34,144.14,31422.52,5619.4,25803.12,18604.12,7199.0
2024-10-02,Retail,USA,Product D,113,73.18,150.19,16971.47,2140.76,14830.71,8269.34,6561.37
2024-10-03,Retail,USA,Product B,55,27.03,69.78,3837.9,691.74,3146.16,1486.65,1659.51
2024-10-04,Wholesale,Japan,Product A,461,53.92,155.82,71833.02,9649.4,62183.62,24857.12,37326.5
2024-10-05,Wholesale,India,Product A,422,22.68,54.94,23184.68,2952.16,20232.52,9570.96,10661.56
2024-10-06,Wholesale,India,Product A,375,66.46,177.9,66712.5,12816.79,53895.71,24922.5,28973.21
2024-10-07,Wholesale,India,Product A,399,67.49,122.26,48781.74,9445.21,39336.53,26928.51,12408.02
2024-10-08,Wholesale,UK,Product D,191,75.13,218.08,41653.28,5813.25,35840.03,14349.83,21490.2
2024-10-09,Retail,USA,Product D,391,32.56,90.88,35534.08,3179.8,32354.28,12730.96,19623.32
2024-10-10,Retail,Germany,Product B,205,55.89,150.87,30928.35,3717.8,27210.55,11457.45,15753.1
2024-10-11,Retail,UK,Product C,111,39.94,77.13,8561.43,1123.21,7438.22,4433.34,3004.88
2024-10-12,Retail,UK,Product D,346,81.3,122.94,42537.24,5192.71,37344.53,28129.8,9214.73
2024-10-13,Wholesale,Germany,Product D,201,70.23,210.49,42308.49,4387.46,37921.03,14116.23,23804.8
2024-10-14,Retail,UK,Product D,301,51.98,132.39,39849.39,4682.26,35167.13,15645.98,19521.15
2024-10-15,Wholesale,USA,Product B,301,85.19,234.2,70494.2,11369.32,59124.88,25642.19,33482.69
2024-10-16,Wholesale,Germany,Product C,485,43.31,99.21,48116.85,9167.83,38949.02,21005.35,17943.67
2024-10-17,Retail,India,Product A,127,66.66,109.24,13873.48,2268.74,11604.74,8465.82,3138.92
2024-10-18,Wholesale,USA,Product B,153,62.52,113.99,17440.47,2306.85,15133.62,9565.56,5568.06
2024-10-19,Wholesale,Germany,Product B,73,98.8,181.05,13216.65,1423.21,11793.44,7212.4,4581.04
2024-10-20,Retail,Japan,Product B,69,38.29,93.77,6470.13,1164.51,5305.62,2642.01,2663.61
2024-10-21,Retail,UK,Product A,78,62.5,144.98,11308.44,726.73,10581.71,4875.0,5706.71
2024-10-22,Wholesale,Germany,Product B,215,30.22,74.05,15920.75,3128.01,12792.74,6497.3,6295.44
2024-10-23,Retail,India,Product D,419,94.46,200.08,83833.52,16762.4,67071.12,39578.74,27492.38
2024-10-24,Wholesale,India,Product A,103,24.22,69.69,7178.07,1086.91,6091.16,2494.66,3596.5
2024-10-25,Retail,USA,Product D,237,45.62,129.66,30729.42,2166.25,28563.17,10811.94,17751.23
2024-10-26,Retail,USA,Product C,257,44.69,115.62,29714.34,5724.02,23990.32,11485.33,12504.99
2024-10-27,Retail,India,Product C,345,84.75,248.08,85587.6,14848.45,70739.15,29238.75,41500.4
2024-10-28,Wholesale,Japan,Product A,308,70.4,134.35,41379.8,6748.93,34630.87,21683.2,12947.67
2024-10-29,Wholesale,UK,Product B,88,99.11,241.78,21276.64,1523.4,19753.24,8721.68,11031.56
2024-10-30,Wholesale,Germany,Product B,394,62.21,102.22,40274.68,4222.38,36052.3,24510.74,11541.56
2024-10-31,Wholesale,Germany,Product D,72,39.42,102.29,7364.88,1390.06,5974.82,2838.24,3136.58
2024-11-01,Wholesale,UK,Product A,188,71.08,152.65,28698.2,4159.79,24538.41,13363.04,11175.37
2024-11-02,Retail,India,Product A,132,38.24,108.23,14286.36,1907.33,12379.03,5047.68,7331.35
2024-11-03,Wholesale,Japan,Product A,261,27.22,44.6,11640.6,1130.58,10510.02,7104.42,3405.6
2024-11-04,Wholesale,Japan,Product B,333,95.79,239.36,79706.88,14125.55,65581.33,31898.07,33683.26
2024-11-05,Wholesale,Japan,Product C,463,54.08,100.2,46392.6,4957.23,41435.37,25039.04,16396.33
2024-11-06,Wholesale,UK,Product D,402,63.39,103.62,41655.24,6272.92,35382.32,25482.78,9899.54
2024-11-07,Wholesale,UK,Product D,225,61.83,104.51,23514.75,1801.88,21712.87,13911.75,7801.12
2024-11-08,Wholesale,UK,Product C,370,36.45,103.96,38465.2,2195.4,36269.8,13486.5,22783.3
2024-11-09,Wholesale,Japan,Product B,345,53.41,128.79,44432.55,3793.64,40638.91,18426.45,22212.46
2024-11-10,Wholesale,Germany,Product B,303,81.31,207.69,62930.07,6739.53,56190.54,24636.93,31553.61
2024-11-11,Retail,Japan,Product B,50,95.1,247.74,12387.0,2108.73,10278.27,4755.0,5523.27
2024-11-12,Retail,India,Product C,487,25.02,64.93,31620.91,2923.28,28697.63,12184.74,16512.89
2024-11-13,Wholesale,USA,Product D,281,38.75,107.78,30286.18,3652.53,26633.65,10888.75,15744.9
2024-11-14,Retail,India,Product B,398,13.12,32.69,13010.62,904.0,12106.62,5221.76,6884.86
2024-11-15,Wholesale,USA,Product D,456,85.62,154.19,70310.64,10272.99,60037.65,39042.72,20994.93
2024-11-16,Wholesale,Germany,Product D,447,42.21,83.97,37534.59,6594.92,30939.67,18867.87,12071.8
2024-11-17,Retail,USA,Product A,402,93.01,156.0,62712.0,11932.68,50779.32,37390.02,13389.3
2024-11-18,Wholesale,UK,Product D,300,30.37,65.74,19722.0,988.96,18733.04,9111.0,9622.04
2024-11-19,Retail,Japan,Product A,241,76.94,145.32,35022.12,6022.98,28999.14,18542.54,10456.6
2024-11-20,Wholesale,Japan,Product A,354,66.75,139.11,49244.94,2576.19,46668.75,23629.5,23039.25
2024-11-21,Retail,Japan,Product A,70,25.49,58.22,4075.4,239.52,3835.88,1784.3,2051.58
2024-11-22,Wholesale,UK,Product A,365,96.82,148.15,54074.75,8059.91,46014.84,35339.3,10675.54
2024-11-23,Wholesale,Germany,Product A,395,10.86,19.12,7552.4,657.63,6894.77,4289.7,2605.07
2024-11-24,Retail,Germany,Product B,163,42.8,96.99,15809.37,3040.78,12768.59,6976.4,5792.19
2024-11-25,Retail,UK,Product D,432,51.1,129.9,56116.8,8444.15,47672.65,22075.2,25597.45
2024-11-26,Wholesale,Germany,Product B,327,87.97,138.77,45377.79,5183.99,40193.8,28766.19,11427.61
2024-11-27,Wholesale,Japan,Product C,400,73.64,136.79,54716.0,10208.5,44507.5,29456.0,15051.5
2024-11-28,Retail,Japan,Product C,124,94.15,254.95,31613.8,2167.42,29446.38,11674.6,17771.78
2024-11-29,Retail,Japan,Product A,157,10.99,25.82,4053.74,489.98,3563.76,1725.43,1838.33
2024-11-30,Retail,India,Product A,410,77.01,198.46,81368.6,5587.14,75781.46,31574.1,44207.36
2024-12-01,Wholesale,Japan,Product B,243,19.17,54.71,13294.53,2386.79,10907.74,4658.31,6249.43
2024-12-02,Wholesale,Japan,Product A,161,65.55,110.16,17735.76,3002.61,14733.15,10553.55,4179.6
2024-12-03,Retail,Japan,Product D,101,47.97,101.65,10266.65,1879.53,8387.12,4844.97,3542.15
2024-12-04,Retail,Japan,Product D,476,54.82,98.26,46771.76,9152.42,37619.34,26094.32,11525.02
2024-12-05,Wholesale,UK,Product A,95,52.54,130.09,12358.55,2319.11,10039.44,4991.3,5048.14
2024-12-06,Wholesale,Germany,Product A,283,98.85,209.44,59271.52,7334.69,51936.83,27974.55,23962.28
2024-12-07,Wholesale,Germany,Product D,234,67.43,122.37,28634.58,3372.1,25262.48,15778.62,9483.86
2024-12-08,Retail,USA,Product B,341,12.51,22.71,7744.11,499.95,7244.16,4265.91,2978.25
2024-12-09,Wholesale,USA,Product B,272,21.24,41.65,11328.8,1991.41,9337.39,5777.28,3560.11
2024-12-10,Wholesale,Germany,Product A,224,11.51,32.52,7284.48,1247.22,6037.26,2578.24,3459.02
2024-12-11,Retail,USA,Product D,468,84.96,159.95,74856.6,13247.64,61608.96,39761.28,21847.68
2024-12-12,Retail,UK,Product C,439,53.16,82.54,36235.06,4051.09,32183.97,23337.24,8846.73
2024-12-13,Retail,USA,Product C,253,12.03,19.45,4920.85,302.71,4618.14,3043.59,1574.55
2024-12-14,Retail,India,Product A,330,44.85,101.68,33554.4,4708.47,28845.93,14800.5,14045.43
2024-12-15,Retail,Germany,Product A,434,97.99,288.58,125243.72,18910.72,106333.0,42527.66,63805.34
2024-12-16,Wholesale,Japan,Product C,213,38.21,64.99,13842.87,2397.72,11445.15,8138.73,3306.42
2024-12-17,Retail,Germany,Product A,333,93.32,254.56,84768.48,4732.17,80036.31,31075.56,48960.75
2024-12-18,Retail,Japan,Product A,198,39.27,84.06,16643.88,2750.37,13893.51,7775.46,6118.05
2024-12-19,Wholesale,USA,Product B,452,71.14,188.98,85418.96,10051.61,75367.35,32155.28,43212.07
2024-12-20,Wholesale,Japan,Product B,237,28.99,55.0,13035.0,1877.37,11157.63,6870.63,4287.0
2024-12-21,Wholesale,USA,Product D,373,63.73,140.72,52488.56,8070.79,44417.77,23771.29,20646.48
2024-12-22,Retail,Japan,Product D,274,77.14,177.02,48503.48,3090.18,45413.3,21136.36,24276.94
2024-12-23,Wholesale,Germany,Product A,428,48.69,94.13,40287.64,7268.18,33019.46,20839.32,12180.14
2024-12-24,Wholesale,India,Product B,416,29.71,48.41,20138.56,1243.37,18895.19,12359.36,6535.83
2024-12-25,Retail,Japan,Product B,259,91.56,256.77,66503.43,7856.45,58646.98,23714.04,34932.94
2024-12-26,Wholesale,India,Product B,335,43.71,95.77,32082.95,3201.72,28881.23,14642.85,14238.38
2024-12-27,Wholesale,India,Product B,134,83.09,143.23,19192.82,1146.2,18046.62,11134.06,6912.56
2024-12-28,Retail,India,Product A,227,66.39,194.4,44128.8,2537.16,41591.64,15070.53,26521.11
2024-12-29,Retail,Germany,Product C,337,96.38,177.4,59783.8,9345.28,50438.52,32480.06,17958.46
2024-12-30,Retail,India,Product D,446,71.93,131.49,58644.54,10309.46,48335.08,32080.78,16254.3
2024-12-31,Wholesale,Germany,Product D,265,27.53,76.4,20246.0,2416.92,17829.08,7295.45,10533.63
2025-01-01,Retail,Germany,Product A,69,69.2,135.56,9353.64,1333.79,8019.85,4774.8,3245.05
2025-01-02,Retail,Japan,Product B,145,90.43,184.65,26774.25,1974.27,24799.98,13112.35,11687.63
2025-01-03,Retail,USA,Product B,126,87.86,253.84,31983.84,3849.99,28133.85,11070.36,17063.49
2025-01-04,Retail,India,Product B,240,73.47,168.35,40404.0,2930.37,37473.63,17632.8,19840.83
2025-01-05,Wholesale,India,Product A,433,82.37,171.38,74207.54,13788.44,60419.1,35666.21,24752.89
2025-01-06,Wholesale,Germany,Product C,121,18.4,39.01,4720.21,598.62,4121.59,2226.4,1895.19
2025-01-07,Wholesale,UK,Product B,464,32.17,51.81,24039.84,2305.01,21734.83,14926.88,6807.95
2025-01-08,Wholesale,Japan,Product A,161,20.99,46.38,7467.18,1330.42,6136.76,3379.39,2757.37
2025-01-09,Wholesale,UK,Product A,329,47.27,134.7,44316.3,3957.62,40358.68,15551.83,24806.85
2025-01-10,Retail,UK,Product A,453,64.26,109.43,49571.79,9499.22,40072.57,29109.78,10962.79
2025-01-11,Retail,Germany,Product D,57,51.32,107.59,6132.63,994.83,5137.8,2925.24,2212.56
2025-01-12,Wholesale,Germany,Product B,355,89.63,225.16,79931.8,15798.0,64133.8,31818.65,32315.15
2025-01-13,Wholesale,UK,Product B,110,36.74,75.46,8300.6,1001.19,7299.41,4041.4,3258.01
2025-01-14,Wholesale,Germany,Product D,239,84.5,236.46,56513.94,4800.45,51713.49,20195.5,31517.99
2025-01-15,Retail,India,Product C,456,74.45,132.41,60378.96,3689.54,56689.42,33949.2,22740.22
2025-01-16,Retail,Japan,Product B,301,65.29,157.88,47521.88,9283.77,38238.11,19652.29,18585.82
2025-01-17,Retail,USA,Product A,149,36.13,87.79,13080.71,889.34,12191.37,5383.37,6808.0
2025-01-18,Retail,UK,Product B,165,56.5,97.24,16044.6,2780.1,13264.5,9322.5,3942.0
2025-01-19,Wholesale,UK,Product C,81,34.2,81.71,6618.51,651.14,5967.37,2770.2,3197.17
2025-01-20,Wholesale,Japan,Product D,406,48.91,113.89,46239.34,5534.57,40704.77,19857.46,20847.31
2025-01-21,Wholesale,India,Product A,54,56.75,95.67,5166.18,825.34,4340.84,3064.5,1276.34
2025-01-22,Wholesale,UK,Product D,336,24.53,38.87,13060.32,796.93,12263.39,8242.08,4021.31
2025-01-23,Retail,USA,Product D,233,50.37,148.33,34560.89,4436.88,30124.01,11736.21,18387.8
2025-01-24,Wholesale,India,Product A,255,13.95,38.87,9911.85,524.49,9387.36,3557.25,5830.11
2025-01-25,Retail,USA,Product B,286,14.02,37.47,10716.42,1989.23,8727.19,4009.72,4717.47
2025-01-26,Wholesale,India,Product A,421,65.48,111.09,46768.89,3318.87,43450.02,27567.08,15882.94
2025-01-27,Wholesale,UK,Product B,375,19.39,51.38,19267.5,1956.24,17311.26,7271.25,10040.01
2025-01-28,Retail,UK,Product B,213,48.96,98.9,21065.7,1698.78,19366.92,10428.48,8938.44
2025-01-29,Retail,USA,Product A,482,66.43,157.41,75871.62,9490.17,66381.45,32019.26,34362.19
2025-01-30,Retail,Germany,Product C,321,61.39,150.26,48233.46,7488.15,40745.31,19706.19,21039.12
2025-01-31,Wholesale,USA,Product B,484,82.16,156.57,75779.88,10320.83,65459.05,39765.44,25693.61
2025-02-01,Retail,Germany,Product B,430,32.59,82.19,35341.7,5184.47,30157.23,14013.7,16143.53
2025-02-02,Wholesale,India,Product C,260,60.96,91.63,23823.8,1565.24,22258.56,15849.6,6408.96
2025-02-03,Retail,Germany,Product B,343,84.1,228.73,78454.39,12480.51,65973.88,28846.3,37127.58
2025-02-04,Wholesale,India,Product B,51,67.37,138.89,7083.39,542.75,6540.64,3435.87,3104.77
2025-02-05,Retail,UK,Product D,115,61.64,143.38,16488.7,2711.88,13776.82,7088.6,6688.22
2025-02-06,Retail,Germany,Product B,194,61.16,135.57,26300.58,4362.9,21937.68,11865.04,10072.64
2025-02-07,Wholesale,USA,Product A,405,59.05,150.51,60956.55,3667.08,57289.47,23915.25,33374.22
2025-02-08,Retail,Germany,Product A,429,90.0,258.04,110699.16,21895.77,88803.39,38610.0,50193.39
2025-02-09,Wholesale,UK,Product B,343,94.38,241.77,82927.11,14430.7,68496.41,32372.34,36124.07
2025-02-10,Retail,India,Product A,126,91.13,211.89,26698.14,1585.56,25112.58,11482.38,13630.2
2025-02-11,Retail,UK,Product C,458,96.24,199.38,91316.04,16319.51,74996.53,44077.92,30918.61
2025-02-12,Wholesale,Japan,Product C,108,55.47,131.59,14211.72,1233.94,12977.78,5990.76,6987.02
2025-02-13,Wholesale,Germany,Product C,480,77.15,167.2,80256.0,5688.12,74567.88,37032.0,37535.88
2025-02-14,Wholesale,India,Product D,95,11.32,17.03,1617.85,169.21,1448.64,1075.4,373.24
2025-02-15,Retail,India,Product C,207,11.66,25.69,5317.83,277.73,5040.1,2413.62,2626.48
2025-02-16,Wholesale,India,Product A,284,40.14,79.9,22691.6,2680.86,20010.74,11399.76,8610.98
2025-02-17,Retail,USA,Product B,368,81.35,227.79,83826.72,7147.85,76678.87,29936.8,46742.07
2025-02-18,Wholesale,USA,Product C,458,24.86,66.66,30530.28,4765.06,25765.22,11385.88,14379.34
2025-02-19,Retail,UK,Product D,226,28.08,57.34,12958.84,772.73,12186.11,6346.08,5840.03
2025-02-20,Retail,UK,Product A,112,45.93,133.4,14940.8,1062.37,13878.43,5144.16,8734.27
2025-02-21,Wholesale,USA,Product A,80,72.5,182.79,14623.2,1535.04,13088.16,5800.0,7288.16
2025-02-22,Wholesale,Germany,Product D,419,91.39,191.81,80368.39,11424.23,68944.16,38292.41,30651.75
2025-02-23,Wholesale,UK,Product A,323,30.3,71.7,23159.1,2673.01,20486.09,9786.9,10699.19
2025-02-24,Retail,USA,Product B,77,73.27,185.62,14292.74,1320.43,12972.31,5641.79,7330.52
2025-02-25,Retail,UK,Product C,201,49.05,89.91,18071.91,3530.76,14541.15,9859.05,4682.1
2025-02-26,Wholesale,Japan,Product A,86,32.88,84.13,7235.18,1266.4,5968.78,2827.68,3141.1
2025-02-27,Retail,Germany,Product C,481,53.96,116.38,55978.78,3874.82,52103.96,25954.76,26149.2
2025-02-28,Retail,UK,Product C,270,50.46,89.79,24243.3,1471.76,22771.54,13624.2,9147.34
2025-03-01,Wholesale,UK,Product B,101,59.98,164.13,16577.13,1722.94,14854.19,6057.98,8796.21
